{
  "rules" : [
    {
      "action" : "body",
      "matchField" : "",
      "field" : "",
      "value" : "is_vip\":0",
      "matchValue" : "is_vip\":1",
      "destiontion" : "response",
      "isRegex" : false
    },
    {
      "action" : "body",
      "matchField" : "",
      "field" : "",
      "value" : "is_member\":1",
      "matchValue" : "is_member\":0",
      "destiontion" : "response",
      "isRegex" : false
    }
  ],
  "enabled" : false,
  "isReadOnly" : false,
  "name" : "Bigshot",
  "locations" : [
    {
      "method" : "",
      "scheme" : "",
      "enabled" : true,
      "port" : 0,
      "query" : "",
      "host" : "api.vnision.com",
      "path" : ""
    }
  ],
  "description" : "微信公众号墨鱼手记，仅供学习交流使用"
}