{
  "rules" : [
    {
      "action" : "body",
      "matchField" : "",
      "field" : "",
      "value" : "isExpire\":false",
      "matchValue" : "isExpire\":true",
      "destiontion" : "response",
      "isRegex" : false
    },
    {
      "action" : "body",
      "matchField" : "",
      "field" : "",
      "value" : "expireTime\":\"2029",
      "matchValue" : "expireTime\":\"1970",
      "destiontion" : "response",
      "isRegex" : false
    },
    {
      "action" : "body",
      "matchField" : "",
      "field" : "",
      "value" : "payTime\":\"2020",
      "matchValue" : "payTime\":\"1970",
      "destiontion" : "response",
      "isRegex" : false
    },
    {
      "action" : "body",
      "matchField" : "",
      "field" : "",
      "value" : "code\":200",
      "matchValue" : "code\":-1025",
      "destiontion" : "response",
      "isRegex" : false
    }
  ],
  "enabled" : false,
  "isReadOnly" : false,
  "name" : "Cubox",
  "locations" : [
    {
      "method" : "GET",
      "scheme" : "https",
      "enabled" : true,
      "port" : 443,
      "query" : "",
      "host" : "cubox.pro",
      "path" : "\/c\/api\/userInfo"
    },
    {
      "method" : "POST",
      "scheme" : "https",
      "enabled" : true,
      "port" : 443,
      "query" : "",
      "host" : "cubox.pro",
      "path" : "\/c\/api\/aisearch\/new"
    }
  ],
  "description" : "公众号墨鱼手记，仅供调试学习使用"
}
