{
  "rules" : [
    {
      "action" : "body",
      "matchField" : "",
      "field" : "",
      "value" : "\"userType\":2",
      "matchValue" : "\"userType\":1",
      "destiontion" : "response",
      "isRegex" : false
    },
    {
      "action" : "body",
      "matchField" : "",
      "field" : "",
      "value" : "\"radishQty\":999",
      "matchValue" : "\"radishQty\":0",
      "destiontion" : "response",
      "isRegex" : false
    }
  ],
  "enabled" : false,
  "isReadOnly" : false,
  "name" : "Moo 日记",
  "locations" : [
    {
      "method" : "POST",
      "scheme" : "https",
      "enabled" : true,
      "port" : 2433,
      "query" : "",
      "host" : "diary.7english.cn",
      "path" : "\/api\/user\/userInfo"
    }
  ],
  "description" : "公众号墨鱼手记，仅供学习交流使用"
}