{
  "rules" : [
    {
      "action" : "body",
      "matchField" : "",
      "field" : "isFree\":false",
      "value" : "isFree\":true",
      "matchValue" : "isFree\":false",
      "destiontion" : "response",
      "isRegex" : false
    },
    {
      "action" : "body",
      "matchField" : "",
      "field" : "",
      "value" : "isVip\":true",
      "matchValue" : "isVip\":false",
      "destiontion" : "request",
      "isRegex" : false
    }
  ],
  "enabled" : false,
  "isReadOnly" : false,
  "name" : "Peace",
  "locations" : [
    {
      "method" : "",
      "scheme" : "",
      "enabled" : true,
      "port" : 0,
      "query" : "",
      "host" : "peace-api.dailyinnovation.biz",
      "path" : ""
    },
    {
      "method" : "",
      "scheme" : "",
      "enabled" : true,
      "port" : 0,
      "query" : "",
      "host" : "matrix.dailyinnovation.biz",
      "path" : ""
    },
    {
      "method" : "",
      "scheme" : "",
      "enabled" : true,
      "port" : 0,
      "query" : "",
      "host" : "peace-api-cn.lexinshengwen.com",
      "path" : ""
    }
  ],
  "description" : "微信公众号墨鱼手记，仅供学习交流使用"
}