{
  "rules" : [
    {
      "action" : "body",
      "matchField" : "",
      "field" : "",
      "value" : "subscription_expires\":\"2029",
      "matchValue" : "subscription_expires\":\"2020",
      "destiontion" : "response",
      "isRegex" : false
    }
  ],
  "enabled" : false,
  "isReadOnly" : false,
  "name" : "Pocket Lists",
  "locations" : [
    {
      "method" : "",
      "scheme" : "",
      "enabled" : true,
      "port" : 0,
      "query" : "",
      "host" : "pocketlists.com",
      "path" : "\/api\/v1\/pocketlists.me.get"
    }
  ],
  "description" : "微信公众号墨鱼手记，仅供学习交流使用"
}