{
  "rules" : [
    {
      "action" : "body",
      "matchField" : "",
      "field" : "",
      "value" : "NrhWQe0eCWjK87jNSzCeR6kCEXJC+XjEAMd6fgwyNTkyAgWt2Ej2RM2amodpkQHVpBovl\\\/a1MAKQ2fcsM+EUha2gYEg1Y8IV5AXSnsD+hWsIIb3JhIibc4XeDn3FZmEUZJECESNOQ50W0V9piL1UJEKd0yTEpaG0JRKzcJOQF4MCoD6dRQN8VpNRg\\\/IY\\\/7iyfrTYpv0gvNNmi08upsDVO\\\/m0DO1qvY8WR0Cwk\\\/4bLl8xpwDH3IFF7xt6Sy9MdTGczXwsdtzZVIY004W+6DXGmt00eJSD6fmsUGDTLDUK9rhqFPpDg2+Y3ISVnlFih3gHL0Xv1o2QcvZKZf4APAHuY4jrz2Z8jZ35HMH28\\\/2htiejLzCtCMLqDcNzcdtczk43CWaiRcL8rQhN3\\\/eylOu2dLD4KPAoaoyY5PXWDgTLgNfDqRaZAcPWyHT6pEjiUrArKD\\\/1kGqgOBFaLngUIHcxHGn5M2SNawBCv1XUdCijvckCPzw4KIyEykV9\\\/+4yM\\\/0Jz2BxwKMMdaTJlFw4cJ0ohyipPqak4aOLbsQg1Ezpchc=",
      "matchValue" : ".+",
      "destiontion" : "response",
      "isRegex" : true
    }
  ],
  "enabled" : false,
  "isReadOnly" : false,
  "name" : "Productive",
  "locations" : [
    {
      "method" : "POST",
      "scheme" : "https",
      "enabled" : true,
      "port" : 443,
      "query" : "",
      "host" : "subs.platforms.team",
      "path" : "\/v2\/apple\/verify"
    }
  ],
  "description" : "微信公众号墨鱼手记，仅供学习交流使用"
}