{
  "rules" : [
    {
      "action" : "body",
      "matchField" : "",
      "field" : "",
      "value" : "{\"valid\":true,\"newlyAssociated\":true}",
      "matchValue" : ".+",
      "destiontion" : "response",
      "isRegex" : true
    }
  ],
  "enabled" : false,
  "isReadOnly" : false,
  "name" : "Symbolab",
  "locations" : [
    {
      "method" : "POST",
      "scheme" : "https",
      "enabled" : true,
      "port" : 443,
      "query" : "",
      "host" : "scibug.com",
      "path" : "\/appleSubscriptionValidate"
    }
  ],
  "description" : "微信公众号墨鱼手记，仅供学习交流使用"
}