{
  "rules" : [
    {
      "action" : "body",
      "matchField" : "",
      "field" : "",
      "value" : "foreverVip\":1",
      "matchValue" : "foreverVip\":\\d+",
      "destiontion" : "response",
      "isRegex" : true
    }
  ],
  "enabled" : false,
  "isReadOnly" : false,
  "name" : "圈子记账",
  "locations" : [
    {
      "method" : "",
      "scheme" : "",
      "enabled" : true,
      "port" : 0,
      "query" : "",
      "host" : "quanzi.jizhangapp.com",
      "path" : "\/vip\/inapp\/index"
    },
    {
      "method" : "",
      "scheme" : "",
      "enabled" : true,
      "port" : 0,
      "query" : "",
      "host" : "quanzi.jizhangapp.com",
      "path" : "\/profile"
    }
  ],
  "description" : "公众号墨鱼手记，仅供调试学习使用"
}