{
  "rules" : [
    {
      "action" : "body",
      "matchField" : "",
      "field" : "",
      "value" : "expire_time=4082544000000",
      "matchValue" : "expire_time=\\s*\\d",
      "destiontion" : "response",
      "isRegex" : true
    }
  ],
  "enabled" : true,
  "name" : "漫威 by lovexl",
  "locations" : [
    {
      "method" : "POST",
      "scheme" : "https",
      "enabled" : true,
      "port" : 443,
      "query" : "",
      "host" : "services.mu.163.com",
      "path" : "\/marvel\/services"
    }
  ]
}
