{
  "rules" : [
    {
      "action" : "body",
      "matchField" : "",
      "field" : "",
      "value" : "ownership\":\"free\"",
      "matchValue" : "ownership\":\"\\w+\"",
      "destiontion" : "response",
      "isRegex" : true
    },
    {
      "action" : "body",
      "matchField" : "",
      "field" : "",
      "value" : "trial\":true",
      "matchValue" : "trial\":\\w+",
      "destiontion" : "response",
      "isRegex" : true
    },
    {
      "action" : "body",
      "matchField" : "",
      "field" : "",
      "value" : "usageType\":\"unlimited\"",
      "matchValue" : "usageType\":\"\\w+\"",
      "destiontion" : "response",
      "isRegex" : true
    }
  ],
  "enabled" : false,
  "isReadOnly" : false,
  "name" : "面包视频",
  "locations" : [
    {
      "method" : "",
      "scheme" : "",
      "enabled" : true,
      "port" : 0,
      "query" : "",
      "host" : "breadapi.bybutter.com",
      "path" : ""
    }
  ],
  "description" : "微信公众号墨鱼手记，仅供学习交流使用"
}