{
  "rules" : [
    {
      "action" : "body",
      "matchField" : "",
      "field" : "",
      "value" : "subscriptionValid\":true",
      "matchValue" : "subscriptionValid\":\\w+",
      "destiontion" : "response",
      "isRegex" : true
    },
    {
      "action" : "body",
      "matchField" : "",
      "field" : "",
      "value" : "data\":true",
      "matchValue" : "data\":\\w+",
      "destiontion" : "response",
      "isRegex" : true
    }
  ],
  "enabled" : false,
  "isReadOnly" : false,
  "name" : "Faded Photo Editor 解锁高级Pro A+",
  "locations" : [
    {
      "method" : "POST",
      "scheme" : "https",
      "enabled" : true,
      "port" : 443,
      "query" : "",
      "host" : "api.madewithfaded.com",
      "path" : "\/api\/v1\/subscription\/validate"
    }
  ],
  "description" : "Faded - Photo Editor 来自 KITE GAMES STUDIO https:\/\/apps.apple.com\/cn\/app\/faded-photo-editor\/id626583252"
}
