{
  "rules" : [
    {
      "action" : "body",
      "matchField" : "",
      "field" : "",
      "value" : "level\":1",
      "matchValue" : "level\":\\d+",
      "destiontion" : "response",
      "isRegex" : true
    }
  ],
  "enabled" : false,
  "isReadOnly" : false,
  "name" : "Linnk 自动化书签管理 解锁高级会员 A+",
  "locations" : [
    {
      "method" : "GET",
      "scheme" : "https",
      "enabled" : true,
      "port" : 443,
      "query" : "",
      "host" : "linnk.net",
      "path" : "\/a\/api\/userInfo"
    }
  ],
  "description" : "Linnk - 自动化书签管理 来自 YuanJing Co.,Ltd.https:\/\/apps.apple.com\/cn\/app\/linnk-%E8%87%AA%E5%8A%A8%E5%8C%96%E4%B9%A6%E7%AD%BE%E7%AE%A1%E7%90%86\/id1113361350"
}
