{
  "rules" : [
    {
      "action" : "body",
      "matchField" : "",
      "field" : "",
      "value" : "level\": \"free\"",
      "matchValue" : "level\":\"\\w+\"",
      "destiontion" : "response",
      "isRegex" : true
    }
  ],
  "enabled" : false,
  "isReadOnly" : false,
  "name" : "PlaneVPN AD 解锁VIP线路 A+",
  "locations" : [
    {
      "method" : "GET",
      "scheme" : "https",
      "enabled" : true,
      "port" : 443,
      "query" : "",
      "host" : "c2dmxrlb.api.lncldglobal.com",
      "path" : "\/1.1\/classes\/TPProxy"
    }
  ],
  "description" : "需非国区下载 下拉刷新\nPlaneVPN AD - Best VPN Proxy by Techtock Mobile https:\/\/apps.apple.com\/us\/app\/planevpn-ad-best-vpn-proxy\/id1471511787"
}
