{
  "rules" : [
    {
      "action" : "status-code",
      "matchField" : "",
      "field" : "",
      "value" : "200",
      "matchValue" : "400",
      "destiontion" : "response",
      "isRegex" : false
    },
    {
      "action" : "body",
      "matchField" : "",
      "field" : "",
      "value" : "thunder_gods",
      "matchValue" : "night_into_day",
      "destiontion" : "response",
      "isRegex" : false
    }
  ],
  "enabled" : false,
  "isReadOnly" : false,
  "name" : "Pure Nature 3D音景 解锁限制 A+",
  "locations" : [
    {
      "method" : "",
      "scheme" : "https",
      "enabled" : true,
      "port" : 443,
      "query" : "",
      "host" : "cognito-sync.us-east-*.amazonaws.com",
      "path" : "\/identitypools\/*"
    }
  ],
  "description" : "点击购买 Pure Nature - 3D音景 聆听大自然的声音 来自 Lang Elliott https:\/\/apps.apple.com\/cn\/app\/pure-nature-3d%E9%9F%B3%E6%99%AF\/id1357380255"
}
