{
  "rules" : [
    {
      "action" : "body",
      "matchField" : "",
      "field" : "",
      "value" : "vipEndTime\":\"2025-04-29 18:27:25\"",
      "matchValue" : "vipEndTime\":\".*?\"",
      "destiontion" : "response",
      "isRegex" : true
    },
    {
      "action" : "body",
      "matchField" : "",
      "field" : "",
      "value" : "userType\":\"vip",
      "matchValue" : "userType\":\"\\w+",
      "destiontion" : "response",
      "isRegex" : true
    },
    {
      "action" : "body",
      "matchField" : "",
      "field" : "",
      "value" : "expired\":false",
      "matchValue" : "expired\":\\w+",
      "destiontion" : "response",
      "isRegex" : true
    }
  ],
  "enabled" : false,
  "isReadOnly" : false,
  "name" : "Srlink Vpn 解锁会员 A+",
  "locations" : [
    {
      "method" : "GET",
      "scheme" : "http",
      "enabled" : true,
      "port" : 80,
      "query" : "",
      "host" : "abc.vpncenters.com",
      "path" : "\/api\/user\/*"
    }
  ],
  "description" : "srlink by Shanghai polypan Network Technology Co., Ltd. https:\/\/apps.apple.com\/cn\/app\/srlink\/id1294982298"
}
