{
  "rules" : [
    {
      "action" : "body",
      "matchField" : "",
      "field" : "",
      "value" : "money\":\"0.00",
      "matchValue" : "money\":\"\\d+",
      "destiontion" : "response",
      "isRegex" : true
    },
    {
      "action" : "body",
      "matchField" : "",
      "field" : "",
      "value" : "is_buy\":1",
      "matchValue" : "is_buy\":\\d",
      "destiontion" : "response",
      "isRegex" : true
    }
  ],
  "enabled" : false,
  "isReadOnly" : false,
  "name" : "UApp Store 解锁付费 A+",
  "locations" : [
    {
      "method" : "POST",
      "scheme" : "http",
      "enabled" : true,
      "port" : 80,
      "query" : "",
      "host" : "app.iuczy.cn",
      "path" : "\/index\/index\/index.html"
    }
  ],
  "description" : "下载地址，https:\/\/iuc.app\/"
}
