{
  "rules" : [
    {
      "action" : "body",
      "matchField" : "",
      "field" : "",
      "value" : "{\n  \"status\": 200,\n  \"msg\": \"请求成功\"}",
      "matchValue" : ".+",
      "destiontion" : "response",
      "isRegex" : true
    }
  ],
  "enabled" : false,
  "isReadOnly" : false,
  "name" : "七彩电影 高清精品影视 去广告 A+",
  "locations" : [
    {
      "method" : "",
      "scheme" : "",
      "enabled" : true,
      "port" : 0,
      "query" : "",
      "host" : "",
      "path" : "\/app\/\/?product\/config\/searchAppDownloadUrl"
    },
    {
      "method" : "",
      "scheme" : "",
      "enabled" : true,
      "port" : 0,
      "query" : "",
      "host" : "",
      "path" : "\/app\/php\/api\/ad\/v?"
    },
    {
      "method" : "",
      "scheme" : "",
      "enabled" : true,
      "port" : 0,
      "query" : "",
      "host" : "",
      "path" : "\/app\/\/user\/task\/v?\/searchTaskList"
    },
    {
      "method" : "",
      "scheme" : "",
      "enabled" : true,
      "port" : 0,
      "query" : "",
      "host" : "",
      "path" : "\/app\/\/user\/task\/*\/searchTaskConfigByCode"
    },
    {
      "method" : "",
      "scheme" : "",
      "enabled" : true,
      "port" : 0,
      "query" : "",
      "host" : "",
      "path" : "\/app\/external\/friend\/v?\/getExternalBalance"
    },
    {
      "method" : "",
      "scheme" : "",
      "enabled" : true,
      "port" : 0,
      "query" : "",
      "host" : "",
      "path" : "\/app\/\/lookup\/searchLookupItem"
    }
  ],
  "description" : "微信登录去红包弹窗\n七彩电影-高清精品影视 来自 Ji Lie He https:\/\/apps.apple.com\/cn\/app\/%E4%B8%83%E5%BD%A9%E7%94%B5%E5%BD%B1-%E9%AB%98%E6%B8%85%E7%B2%BE%E5%93%81%E5%BD%B1%E8%A7%86\/id1472495037"
}
