{
  "rules" : [
    {
      "action" : "body",
      "matchField" : "",
      "field" : "",
      "value" : "data\":[{\"book_title\":\"标准日本语初级\",\"activation_date\":\"2020-05-01\",\"activation_status\":0,\"activation_code\":\"526728\",\"book_id\":10001},{\"book_title\":\"标准日本语中级\",\"activation_date\":\"2020-05-01\",\"activation_status\":0,\"activation_code\":\"62899\",\"book_id\":10002},{\"book_title\":\"标准日本语高级\",\"activation_date\":\"2020-05-01\",\"activation_status\":0,\"activation_code\":\"893000\",\"book_id\":10003}]",
      "matchValue" : "data\":[^]]+\\]",
      "destiontion" : "response",
      "isRegex" : true
    }
  ],
  "enabled" : false,
  "isReadOnly" : false,
  "name" : "中日交流标准日本语 标日电子书 解锁限制 A+",
  "locations" : [
    {
      "method" : "",
      "scheme" : "http",
      "enabled" : true,
      "port" : 80,
      "query" : "",
      "host" : "ebookdomainry.pep.com.cn",
      "path" : "\/api"
    }
  ],
  "description" : "新版中日交流标准日本语 - 标日电子书 来自 PEP Digital Publishing Corporation Limited https:\/\/apps.apple.com\/cn\/app\/%E6%96%B0%E7%89%88%E4%B8%AD%E6%97%A5%E4%BA%A4%E6%B5%81%E6%A0%87%E5%87%86%E6%97%A5%E6%9C%AC%E8%AF%AD-%E6%A0%87%E6%97%A5%E7%94%B5%E5%AD%90%E4%B9%A6\/id847327884"
}
