{
  "rules" : [
    {
      "action" : "body",
      "matchField" : "",
      "field" : "",
      "value" : "vip\":true",
      "matchValue" : "vip\":false",
      "destiontion" : "response",
      "isRegex" : true
    },
    {
      "action" : "body",
      "matchField" : "",
      "field" : "",
      "value" : "vipExpireDate\":\"1800000000\"",
      "matchValue" : "vipExpireDate\":null",
      "destiontion" : "response",
      "isRegex" : true
    }
  ],
  "enabled" : false,
  "isReadOnly" : false,
  "name" : "乐小说阅读器 解锁会员 A+",
  "locations" : [
    {
      "method" : "GET",
      "scheme" : "http",
      "enabled" : true,
      "port" : 80,
      "query" : "",
      "host" : "user.kdmfxs.com",
      "path" : "\/api\/v1\/user"
    }
  ],
  "description" : "乐小说阅读器-全站小说畅读 来自 艳 王 https:\/\/apps.apple.com\/cn\/app\/%E4%B9%90%E5%B0%8F%E8%AF%B4%E9%98%85%E8%AF%BB%E5%99%A8-%E5%85%A8%E7%AB%99%E5%B0%8F%E8%AF%B4%E7%95%85%E8%AF%BB\/id1508164315"
}
