{
  "rules" : [
    {
      "action" : "body",
      "matchField" : "",
      "field" : "",
      "value" : ":0",
      "matchValue" : ":1",
      "destiontion" : "response",
      "isRegex" : true
    }
  ],
  "enabled" : false,
  "isReadOnly" : false,
  "name" : "九宫格切图 解锁限制 A+",
  "locations" : [
    {
      "method" : "POST",
      "scheme" : "http",
      "enabled" : true,
      "port" : 80,
      "query" : "",
      "host" : "xiaogou.dicallapp.com",
      "path" : "\/NCGetMeCount.ashx"
    }
  ],
  "description" : "九宫格切图－最美九格切图分图 来自 Huiwen Education Consulting Co., Ltd. https:\/\/apps.apple.com\/cn\/app\/%E4%B9%9D%E5%AE%AB%E6%A0%BC%E5%88%87%E5%9B%BE-%E6%9C%80%E7%BE%8E%E4%B9%9D%E6%A0%BC%E5%88%87%E5%9B%BE%E5%88%86%E5%9B%BE\/id1513550571"
}
