{
  "rules" : [
    {
      "action" : "body",
      "matchField" : "",
      "field" : "",
      "value" : "isFree\": 1",
      "matchValue" : "isFree\":0",
      "destiontion" : "response",
      "isRegex" : true
    },
    {
      "action" : "body",
      "matchField" : "",
      "field" : "",
      "value" : "money\": \"0.00\"",
      "matchValue" : "money\":\".*?\"",
      "destiontion" : "response",
      "isRegex" : true
    }
  ],
  "enabled" : false,
  "isReadOnly" : false,
  "name" : "人人链 职场热门干货分享阅读平台 解锁付费内容 A+",
  "locations" : [
    {
      "method" : "GET",
      "scheme" : "https",
      "enabled" : true,
      "port" : 443,
      "query" : "",
      "host" : "rrl360.com",
      "path" : "\/api\/ecommerce\/product\/play\/list.json"
    },
    {
      "method" : "GET",
      "scheme" : "https",
      "enabled" : true,
      "port" : 443,
      "query" : "",
      "host" : "rrl360.com",
      "path" : "\/api\/ecommerce\/product\/aliyun\/tokenaudiopreplay.json"
    }
  ],
  "description" : "人人链-职场热门干货分享阅读平台 来自 鹏宇致峰科技(北京)有限公司 https:\/\/apps.apple.com\/cn\/app\/%E4%BA%BA%E4%BA%BA%E9%93%BE-%E8%81%8C%E5%9C%BA%E7%83%AD%E9%97%A8%E5%B9%B2%E8%B4%A7%E5%88%86%E4%BA%AB%E9%98%85%E8%AF%BB%E5%B9%B3%E5%8F%B0\/id1372454072"
}
