{
  "rules" : [
    {
      "action" : "body",
      "matchField" : "",
      "field" : "",
      "value" : "isVip\": \"1\"",
      "matchValue" : "isVip\":\"0\"",
      "destiontion" : "response",
      "isRegex" : true
    }
  ],
  "enabled" : false,
  "isReadOnly" : false,
  "name" : "人民读书 解锁会员 A+",
  "locations" : [
    {
      "method" : "GET",
      "scheme" : "http",
      "enabled" : true,
      "port" : 80,
      "query" : "",
      "host" : "www.qmdsw.com",
      "path" : "\/mall\/my\/info"
    }
  ],
  "description" : "人民读书 来自 People's Publishing House https:\/\/apps.apple.com\/cn\/app\/%E4%BA%BA%E6%B0%91%E8%AF%BB%E4%B9%A6\/id1448666807"
}
