{
  "rules" : [
    {
      "action" : "body",
      "matchField" : "",
      "field" : "",
      "value" : "vip\":[{\"id\":8888881,\"auth_type\":1,\"auth_value\":1800000000}]",
      "matchValue" : "vip\":\\[\\]",
      "destiontion" : "response",
      "isRegex" : true
    },
    {
      "action" : "body",
      "matchField" : "",
      "field" : "",
      "value" : "vip_valid\":1",
      "matchValue" : "vip_valid\":\\d+",
      "destiontion" : "response",
      "isRegex" : true
    },
    {
      "action" : "body",
      "matchField" : "",
      "field" : "",
      "value" : "vip_deadline\":1800000000",
      "matchValue" : "vip_deadline\":\\d+",
      "destiontion" : "response",
      "isRegex" : true
    }
  ],
  "enabled" : false,
  "isReadOnly" : false,
  "name" : "人狗翻译器 狗狗语言翻译交流器 解锁会员 A+",
  "locations" : [
    {
      "method" : "POST",
      "scheme" : "http",
      "enabled" : true,
      "port" : 80,
      "query" : "",
      "host" : "*.yiyongcad.com",
      "path" : "\/api\/v4\/memprofile"
    },
    {
      "method" : "POST",
      "scheme" : "http",
      "enabled" : true,
      "port" : 80,
      "query" : "",
      "host" : "*.yiyongcad.com",
      "path" : "\/api\/v4\/virtualactregister"
    }
  ],
  "description" : "不用订阅&恢复\n人狗翻译器-狗狗语言翻译交流器 来自 Duanqiang Tang https:\/\/apps.apple.com\/cn\/app\/%E4%BA%BA%E7%8B%97%E7%BF%BB%E8%AF%91%E5%99%A8-%E7%8B%97%E7%8B%97%E8%AF%AD%E8%A8%80%E7%BF%BB%E8%AF%91%E4%BA%A4%E6%B5%81%E5%99%A8\/id1471591275"
}
