{
  "rules" : [
    {
      "action" : "body",
      "matchField" : "",
      "field" : "",
      "value" : "vip_time\":1800000000",
      "matchValue" : "vip_time\":\\d+",
      "destiontion" : "response",
      "isRegex" : true
    }
  ],
  "enabled" : false,
  "isReadOnly" : false,
  "name" : "优品云 解锁会员 A+",
  "locations" : [
    {
      "method" : "GET",
      "scheme" : "http",
      "enabled" : true,
      "port" : 80,
      "query" : "",
      "host" : "xyp.e26j.cn",
      "path" : "\/\/app\/api\/MembershipInformation"
    },
    {
      "method" : "GET",
      "scheme" : "http",
      "enabled" : true,
      "port" : 80,
      "query" : "",
      "host" : "xyp.e26j.cn",
      "path" : "\/app\/api\/MembershipInformation"
    }
  ],
  "description" : "下载地址, http:\/\/kk.89n.top\/app\/index\/invitation?code=272636"
}
