{
  "rules" : [
    {
      "action" : "body",
      "matchField" : "",
      "field" : "",
      "value" : "vip\": 1",
      "matchValue" : "vip\":0",
      "destiontion" : "response",
      "isRegex" : true
    },
    {
      "action" : "body",
      "matchField" : "",
      "field" : "",
      "value" : "vip_expire_at\":\"1800000000\"",
      "matchValue" : "vip_expire_at\":null",
      "destiontion" : "response",
      "isRegex" : true
    },
    {
      "action" : "body",
      "matchField" : "",
      "field" : "",
      "value" : "vip_type\": \"2\"",
      "matchValue" : "vip_type\":\"\"",
      "destiontion" : "response",
      "isRegex" : true
    },
    {
      "action" : "body",
      "matchField" : "",
      "field" : "",
      "value" : "err_code\": 0",
      "matchValue" : "err_code\":500",
      "destiontion" : "response",
      "isRegex" : true
    }
  ],
  "enabled" : false,
  "name" : "兔小贝拼音-学拼音识汉字早教学习 A+",
  "description" : "兔小贝拼音-学拼音识汉字早教学习 来自 Guangdong Starting Line Culture Co.,Ltd https:\/\/apps.apple.com\/cn\/app\/%E5%85%94%E5%B0%8F%E8%B4%9D%E6%8B%BC%E9%9F%B3-%E5%AD%A6%E6%8B%BC%E9%9F%B3%E8%AF%86%E6%B1%89%E5%AD%97%E6%97%A9%E6%95%99%E5%AD%A6%E4%B9%A0\/id1321808354\n\n提供未测试qx规则\nhostname=*\n\n#兔小贝系列\nhttps:\/\/(.+)-api.tuxiaobei.com\/v1\/user\/.+ * url script-response-body txb.js\n\nbody = $response.body.replace(\/vip\":0\/g, 'vip\":0').replace(\/vip_expire_at\":null\/g, 'vip_expire_at\":\"1800000000\"').replace(\/vip_type\":\"\"\/g, 'vip_type\":\"2\"');\n$done({body});",
  "locations" : [
    {
      "method" : "",
      "scheme" : "https",
      "enabled" : true,
      "port" : 443,
      "query" : "*",
      "host" : "*-api.tuxiaobei.com",
      "path" : "\/v1\/user\/*"
    }
  ]
}
