{
  "rules" : [
    {
      "action" : "body",
      "matchField" : "",
      "field" : "",
      "value" : "time\":1800000000",
      "matchValue" : "time\":\\d+",
      "destiontion" : "response",
      "isRegex" : true
    }
  ],
  "enabled" : false,
  "isReadOnly" : false,
  "name" : "8迷电影 全网VIP视频免费看 解锁会员 A+",
  "locations" : [
    {
      "method" : "GET",
      "scheme" : "http",
      "enabled" : true,
      "port" : 80,
      "query" : "",
      "host" : "no8.madaishu.net.cn",
      "path" : "\/login\/login\/veifys.html"
    }
  ],
  "description" : "不生效？点击开通选择一个套餐跳转页面后即可返回即可生效\n\n下载地址，【8迷影视APP】全网VIP视频免费看，高清无广告，一个APP看遍天下所有收费视频：http:\/\/suo.im\/5XYesJ"
}
