{
  "rules" : [
    {
      "action" : "body",
      "matchField" : "",
      "field" : "",
      "value" : "trialAllow\":1",
      "matchValue" : "trialAllow\":2",
      "destiontion" : "response",
      "isRegex" : true
    },
    {
      "action" : "body",
      "matchField" : "",
      "field" : "",
      "value" : "saleSetting\":1",
      "matchValue" : "saleSetting\":2",
      "destiontion" : "response",
      "isRegex" : true
    },
    {
      "action" : "body",
      "matchField" : "",
      "field" : "",
      "value" : "price\": \"0.00\"",
      "matchValue" : "price\":\".*?\"",
      "destiontion" : "response",
      "isRegex" : true
    },
    {
      "action" : "body",
      "matchField" : "",
      "field" : "",
      "value" : "isVip\":true,\"validDate\":\"2030-07-11 14:17:31\",\"isKidVip\":true,\"kidValidDate\":\"2030-07-11 14:17:31\"",
      "matchValue" : "isVip\":false,\"validDate\":null,\"isKidVip\":false,\"kidValidDate\":null",
      "destiontion" : "response",
      "isRegex" : true
    }
  ],
  "enabled" : false,
  "isReadOnly" : false,
  "name" : "凤凰书苑 解锁付费内容 A+",
  "locations" : [
    {
      "method" : "POST",
      "scheme" : "http",
      "enabled" : true,
      "port" : 80,
      "query" : "",
      "host" : "app.ppmbook.com",
      "path" : "\/book\/viewBook.do"
    },
    {
      "method" : "POST",
      "scheme" : "http",
      "enabled" : true,
      "port" : 80,
      "query" : "",
      "host" : "app.ppmbook.com",
      "path" : "\/kidBook\/viewBook.do"
    },
    {
      "method" : "POST",
      "scheme" : "http",
      "enabled" : true,
      "port" : 80,
      "query" : "",
      "host" : "app.ppmbook.com",
      "path" : "\/system\/getVipInfo.do"
    }
  ],
  "description" : "凤凰书苑 来自 PHOENIX DIGITAL MEDIA CO., LTD https:\/\/apps.apple.com\/cn\/app\/%E5%87%A4%E5%87%B0%E4%B9%A6%E8%8B%91\/id1468074230"
}
