{
  "rules" : [
    {
      "action" : "body",
      "matchField" : "",
      "field" : "",
      "value" : "vip\":\"1",
      "matchValue" : "vip\":\"\\d",
      "destiontion" : "response",
      "isRegex" : true
    },
    {
      "action" : "body",
      "matchField" : "",
      "field" : "",
      "value" : "type\":\"1",
      "matchValue" : "type\":\"\\d",
      "destiontion" : "response",
      "isRegex" : true
    }
  ],
  "enabled" : true,
  "isReadOnly" : false,
  "name" : "刷圈精灵 微商营销对话制作工具 A+",
  "locations" : [
    {
      "method" : "GET",
      "scheme" : "https",
      "enabled" : true,
      "port" : 443,
      "query" : "",
      "host" : "app.jietushuiyin.com",
      "path" : "\/refreshuinfo"
    }
  ],
  "description" : "刷圈精灵-微商营销对话制作软件 来自 chunfei gong https:\/\/apps.apple.com\/cn\/app\/%E5%88%B7%E5%9C%88%E7%B2%BE%E7%81%B5-%E5%BE%AE%E5%95%86%E8%90%A5%E9%94%80%E5%AF%B9%E8%AF%9D%E5%88%B6%E4%BD%9C%E8%BD%AF%E4%BB%B6\/id1459072912"
}
