{
  "rules" : [
    {
      "action" : "body",
      "matchField" : "",
      "field" : "",
      "value" : "{\"status\":0, \"environment\":\"Production\", \n\"receipt\":{\"receipt_type\":\"Production\", \"adam_id\":1000000000, \"app_item_id\": 1000000000, \"bundle_id\":\"com.mediaeditor.video\", \"application_version\":\"437\", \"download_id\":99999999999999, \"version_external_identifier\":999999999, \"receipt_creation_date\":\"2111-11-11 11:11:11 Etc\/GMT\", \"receipt_creation_date_ms\":\"4476655324000\", \"receipt_creation_date_pst\":\"2111-11-11 11:11:11 America\/Los_Angeles\", \"request_date\":\"2011-11-11 11:11:11 Etc\/GMT\", \"request_date_ms\":\"1555555555555\", \"request_date_pst\":\"2011-11-11 11:11:11 America\/Los_Angeles\", \"original_purchase_date\":\"2011-11-11 11:11:11 Etc\/GMT\", \"original_purchase_date_ms\":\"1555555555555\", \"original_purchase_date_pst\":\"2011-11-11 11:11:11 America\/Los_Angeles\", \"original_application_version\":\"433\", \n\"in_app\":[\n{\"quantity\":\"1\", \"product_id\":\"yearautorenew\", \"transaction_id\":\"520000631442654\", \"original_transaction_id\":\"520000631442654\", \"purchase_date\":\"2011-11-11 11:11:11 Etc\/GMT\", \"purchase_date_ms\":\"1555555555555\", \"purchase_date_pst\":\"2011-11-11 11:11:11 America\/Los_Angeles\", \"original_purchase_date\":\"2011-11-11 11:11:11 Etc\/GMT\", \"original_purchase_date_ms\":\"1555555555555\", \"original_purchase_date_pst\":\"2011-11-11 11:11:11 America\/Los_Angeles\", \"expires_date\":\"2111-11-11 11:11:11 Etc\/GMT\", \"expires_date_ms\":\"4476655324000\", \"expires_date_pst\":\"2111-11-11 11:11:11 America\/Los_Angeles\", \"web_order_line_item_id\":\"520000240955544\", \"is_trial_period\":\"true\", \"is_in_intro_offer_period\":\"false\"}]}, \n\"latest_receipt_info\":[\n{\"quantity\":\"1\", \"product_id\":\"yearautorenew\", \"transaction_id\":\"520000631442654\", \"original_transaction_id\":\"520000631442654\", \"purchase_date\":\"2011-11-11 11:11:11 Etc\/GMT\", \"purchase_date_ms\":\"1555555555555\", \"purchase_date_pst\":\"2011-11-11 11:11:11 America\/Los_Angeles\", \"original_purchase_date\":\"2011-11-11 11:11:11 Etc\/GMT\", \"original_purchase_date_ms\":\"1555555555555\", \"original_purchase_date_pst\":\"2011-11-11 11:11:11 America\/Los_Angeles\", \"expires_date\":\"2111-11-11 11:11:11 Etc\/GMT\", \"expires_date_ms\":\"4476655324000\", \"expires_date_pst\":\"2111-11-11 11:11:11 America\/Los_Angeles\", \"web_order_line_item_id\":\"520000000000000\", \"is_trial_period\":\"true\", \"is_in_intro_offer_period\":\"false\", \"subscription_group_identifier\":\"99999999\"}], \n\"latest_receipt\":\"5L2c6ICFQGtpbmc=\", \"pending_renewal_info\":[{\"auto_renew_product_id\":\"yearautorenew\", \"original_transaction_id\":\"520000000000000\", \"product_id\":\"yearautorenew\", \"auto_renew_status\":\"1\"}]}",
      "matchValue" : ".+",
      "destiontion" : "response",
      "isRegex" : true
    }
  ],
  "enabled" : false,
  "isReadOnly" : false,
  "name" : "剪影 视频剪辑 解锁永订 A+",
  "locations" : [
    {
      "method" : "POST",
      "scheme" : "https",
      "enabled" : true,
      "port" : 443,
      "query" : "",
      "host" : "buy.itunes.apple.com",
      "path" : "\/verifyReceipt"
    }
  ],
  "description" : "关闭过滤器 注意和其他恢复订阅规则冲突\n剪影 - 视频剪辑 & 卡点影集制作 来自 Shanghai Jian Ji Software Technology Co., Ltd https:\/\/apps.apple.com\/cn\/app\/%E5%89%AA%E5%BD%B1-%E8%A7%86%E9%A2%91%E5%89%AA%E8%BE%91-%E5%8D%A1%E7%82%B9%E5%BD%B1%E9%9B%86%E5%88%B6%E4%BD%9C\/id1455720185"
}
