{
  "rules" : [
    {
      "action" : "body",
      "matchField" : "",
      "field" : "",
      "value" : "isVip\":1",
      "matchValue" : "isVip\":\\d",
      "destiontion" : "response",
      "isRegex" : true
    },
    {
      "action" : "body",
      "matchField" : "",
      "field" : "",
      "value" : "vipExpireTime\":\"2030-01-01 00:00:00\"",
      "matchValue" : "vipExpireTime\":\".*?\"",
      "destiontion" : "response",
      "isRegex" : true
    }
  ],
  "enabled" : false,
  "isReadOnly" : false,
  "name" : "变音器 变声器男变女 解锁会员 A+",
  "locations" : [
    {
      "method" : "",
      "scheme" : "https",
      "enabled" : true,
      "port" : 443,
      "query" : "",
      "host" : "*.leanapp.cn",
      "path" : "\/tools\/*"
    }
  ],
  "description" : "购买 取消或恢复购买\n变音器-变声器男变女 来自 Chengdu Haima Technology Co., Ltd https:\/\/apps.apple.com\/cn\/app\/%E5%8F%98%E9%9F%B3%E5%99%A8-%E5%8F%98%E5%A3%B0%E5%99%A8%E7%94%B7%E5%8F%98%E5%A5%B3\/id1508258268"
}
