{
  "rules" : [
    {
      "action" : "body",
      "matchField" : "",
      "field" : "",
      "value" : "vip_trial\":true",
      "matchValue" : "vip_trial\":\\w+",
      "destiontion" : "response",
      "isRegex" : true
    },
    {
      "action" : "body",
      "matchField" : "",
      "field" : "",
      "value" : "level\":2",
      "matchValue" : "level\":\\d+",
      "destiontion" : "response",
      "isRegex" : true
    },
    {
      "action" : "body",
      "matchField" : "",
      "field" : "",
      "value" : "expiry\":1800000000",
      "matchValue" : "expiry\":\\d+",
      "destiontion" : "response",
      "isRegex" : true
    },
    {
      "action" : "body",
      "matchField" : "",
      "field" : "",
      "value" : "download_limit\":9999",
      "matchValue" : "download_limit\":\\d+",
      "destiontion" : "response",
      "isRegex" : true
    },
    {
      "action" : "body",
      "matchField" : "",
      "field" : "",
      "value" : "view_limit\":9999",
      "matchValue" : "view_limit\":\\d+",
      "destiontion" : "response",
      "isRegex" : true
    }
  ],
  "enabled" : false,
  "isReadOnly" : false,
  "name" : "啪哩啪哩视频 1.8+ 无限次数 A+",
  "locations" : [
    {
      "method" : "POST",
      "scheme" : "https",
      "enabled" : true,
      "port" : 443,
      "query" : "",
      "host" : "*",
      "path" : "\/v1\/user\/info"
    },
    {
      "method" : "GET",
      "scheme" : "https",
      "enabled" : true,
      "port" : 443,
      "query" : "",
      "host" : "*",
      "path" : "\/v1\/user\/promote\/info"
    }
  ],
  "description" : "此规则可能会和其他规则冲突\n下载地址,https:\/\/zhhml.cn?code=AXQBFD&channelCode=share"
}
