{
  "rules" : [
    {
      "action" : "body",
      "matchField" : "",
      "field" : "",
      "value" : "is_vip\":1,\"vip_end_time\":1800000000,\"vip_type\":2",
      "matchValue" : "is_vip\":0,\"vip_end_time\":0,\"vip_type\":0",
      "destiontion" : "response",
      "isRegex" : true
    }
  ],
  "enabled" : false,
  "name" : "声波 赫兹音效音量 A+",
  "description" : "声波-赫兹音效音量 来自 俊芳 付 https:\/\/apps.apple.com\/cn\/app\/%E5%A3%B0%E6%B3%A2-%E8%B5%AB%E5%85%B9%E9%9F%B3%E6%95%88%E9%9F%B3%E9%87%8F\/id1527370226\n\n提供未测试qx规则\nhoustname＝*\n\n#声波 赫兹音效音量 A+\nhttp:\/\/signature.sc2yun.com\/user\/my.+  url script-response-body sbsb.js\n\nbody = $response.body.replace(\/is_vip\":0,\"vip_end_time\":0,\"vip_type\":0\/g, 'is_vip\":1,\"vip_end_time\":1800000000,\"vip_type\":2');\n$done({body});",
  "locations" : [
    {
      "method" : "GET",
      "scheme" : "http",
      "enabled" : true,
      "port" : 80,
      "query" : "*",
      "host" : "sonicwave.sc2yun.com",
      "path" : "\/user\/my"
    }
  ]
}
