{
  "rules" : [
    {
      "action" : "body",
      "matchField" : "",
      "field" : "",
      "value" : "price\":0",
      "matchValue" : "price\":\\d+",
      "destiontion" : "response",
      "isRegex" : true
    },
    {
      "action" : "body",
      "matchField" : "",
      "field" : "",
      "value" : "price\":\"0",
      "matchValue" : "price\":\"\\d+",
      "destiontion" : "response",
      "isRegex" : true
    },
    {
      "action" : "body",
      "matchField" : "",
      "field" : "",
      "value" : "isvip\":\"2",
      "matchValue" : "isvip\":\"\\d",
      "destiontion" : "response",
      "isRegex" : true
    },
    {
      "action" : "body",
      "matchField" : "",
      "field" : "",
      "value" : "isbookvip\":\"0",
      "matchValue" : "isbookvip\":\"\\d",
      "destiontion" : "response",
      "isRegex" : true
    },
    {
      "action" : "body",
      "matchField" : "",
      "field" : "",
      "value" : "necheng\":\"解锁会员限制\"",
      "matchValue" : "necheng\":\"[^\"]+\"",
      "destiontion" : "response",
      "isRegex" : true
    },
    {
      "action" : "body",
      "matchField" : "",
      "field" : "",
      "value" : "book_vip\":\"0",
      "matchValue" : "book_vip\":\"1",
      "destiontion" : "response",
      "isRegex" : true
    }
  ],
  "enabled" : false,
  "isReadOnly" : false,
  "name" : "天天小读 杂志周刊 解锁会员限制 A+",
  "locations" : [
    {
      "method" : "POST",
      "scheme" : "https",
      "enabled" : true,
      "port" : 443,
      "query" : "",
      "host" : "www.fengread.com",
      "path" : "\/newxd\/index.php\/apiv2\/study\/books"
    },
    {
      "method" : "POST",
      "scheme" : "https",
      "enabled" : true,
      "port" : 443,
      "query" : "",
      "host" : "www.fengread.com",
      "path" : "\/newxd\/index.php\/apiv2\/ebookreader\/book2"
    },
    {
      "method" : "POST",
      "scheme" : "https",
      "enabled" : true,
      "port" : 443,
      "query" : "",
      "host" : "www.fengread.com",
      "path" : "\/newxd\/index.php\/apiv2\/ebookreader\/qkbook2"
    },
    {
      "method" : "POST",
      "scheme" : "https",
      "enabled" : true,
      "port" : 443,
      "query" : "",
      "host" : "www.fengread.com",
      "path" : "\/newxd\/index.php\/apiv2\/study\/auditionBrief"
    },
    {
      "method" : "POST",
      "scheme" : "https",
      "enabled" : true,
      "port" : 443,
      "query" : "",
      "host" : "www.fengread.com",
      "path" : "\/newxd\/index.php\/apiv2\/ebookreader\/userinfo"
    },
    {
      "method" : "POST",
      "scheme" : "https",
      "enabled" : true,
      "port" : 443,
      "query" : "",
      "host" : "www.fengread.com",
      "path" : "\/newxd\/index.php\/apiv2\/desk2\/books"
    }
  ],
  "description" : "天天小读——每天给阅读留出10分钟 来自 Hangzhou Fengread Network Technology Co., Ltd. https:\/\/apps.apple.com\/cn\/app\/%E5%A4%A9%E5%A4%A9%E5%B0%8F%E8%AF%BB-%E6%AF%8F%E5%A4%A9%E7%BB%99%E9%98%85%E8%AF%BB%E7%95%99%E5%87%BA10%E5%88%86%E9%92%9F\/id1167372053"
}
