{
  "rules" : [
    {
      "action" : "body",
      "matchField" : "",
      "field" : "",
      "value" : "showEvaluate\": true",
      "matchValue" : "showEvaluate\":false",
      "destiontion" : "response",
      "isRegex" : true
    },
    {
      "action" : "body",
      "matchField" : "",
      "field" : "",
      "value" : "nickName\": \"解锁专家解读\"",
      "matchValue" : "nickName\":\".*?\"",
      "destiontion" : "response",
      "isRegex" : true
    }
  ],
  "enabled" : false,
  "isReadOnly" : false,
  "name" : "天天盈球 足球篮球分析预测 解锁限制 A+",
  "locations" : [
    {
      "method" : "GET",
      "scheme" : "https",
      "enabled" : true,
      "port" : 443,
      "query" : "",
      "host" : "tt.ttyingqiu.com",
      "path" : "\/api\/plan\/look\/*"
    },
    {
      "method" : "GET",
      "scheme" : "https",
      "enabled" : true,
      "port" : 443,
      "query" : "",
      "host" : "tt.ttyingqiu.com",
      "path" : "\/api\/uc\/index"
    }
  ],
  "description" : "解锁名家专家解读\n天天盈球-足球篮球比分及赛事分析预测 来自 深圳市天盈互动网络技术有限公司 https:\/\/apps.apple.com\/cn\/app\/%E5%A4%A9%E5%A4%A9%E7%9B%88%E7%90%83-%E8%B6%B3%E7%90%83%E7%AF%AE%E7%90%83%E6%AF%94%E5%88%86%E5%8F%8A%E8%B5%9B%E4%BA%8B%E5%88%86%E6%9E%90%E9%A2%84%E6%B5%8B\/id1115117590"
}
