{
  "rules" : [
    {
      "action" : "body",
      "matchField" : "",
      "field" : "",
      "value" : "isVip\":1",
      "matchValue" : "isVip\":\\d",
      "destiontion" : "response",
      "isRegex" : true
    },
    {
      "action" : "body",
      "matchField" : "",
      "field" : "",
      "value" : "vipExpireTime\":\"2030-01-01 00:00:00\"",
      "matchValue" : "vipExpireTime\":\".*?\"",
      "destiontion" : "response",
      "isRegex" : true
    }
  ],
  "enabled" : false,
  "isReadOnly" : false,
  "name" : "头像大全 情侣卡通个性头像制作 解锁会员 A+",
  "locations" : [
    {
      "method" : "",
      "scheme" : "https",
      "enabled" : true,
      "port" : 443,
      "query" : "",
      "host" : "*.leanapp.cn",
      "path" : "\/tools\/*"
    }
  ],
  "description" : "购买 取消或恢复购买\n头像大全-情侣卡通个性头像制作 来自 Chengdu Haima Technology Co., Ltd https:\/\/apps.apple.com\/cn\/app\/%E5%A4%B4%E5%83%8F%E5%A4%A7%E5%85%A8-%E6%83%85%E4%BE%A3%E5%8D%A1%E9%80%9A%E4%B8%AA%E6%80%A7%E5%A4%B4%E5%83%8F%E5%88%B6%E4%BD%9C\/id1510871896"
}
