{
  "rules" : [
    {
      "action" : "body",
      "matchField" : "",
      "field" : "",
      "value" : ":0",
      "matchValue" : ":1",
      "destiontion" : "response",
      "isRegex" : true
    }
  ],
  "enabled" : false,
  "isReadOnly" : false,
  "name" : "头像制作 解锁限制 A+",
  "locations" : [
    {
      "method" : "POST",
      "scheme" : "http",
      "enabled" : true,
      "port" : 80,
      "query" : "",
      "host" : "laoniu.dicallapp.com",
      "path" : "\/HMGetMeCount.ashx"
    }
  ],
  "description" : "头像制作-情侣头像制作大全 来自 Huiwen Education Consulting Co., Ltd. https:\/\/apps.apple.com\/cn\/app\/%E5%A4%B4%E5%83%8F%E5%88%B6%E4%BD%9C-%E6%83%85%E4%BE%A3%E5%A4%B4%E5%83%8F%E5%88%B6%E4%BD%9C%E5%A4%A7%E5%85%A8\/id1515858124"
}
