{
  "rules" : [
    {
      "action" : "body",
      "matchField" : "",
      "field" : "",
      "value" : "vipEndDate\":\"2030\/05\/05\"",
      "matchValue" : "vipEndDate\":\"[^\"]+\"",
      "destiontion" : "response",
      "isRegex" : true
    }
  ],
  "enabled" : false,
  "isReadOnly" : false,
  "name" : "奇妙日程 解锁会员 A+",
  "locations" : [
    {
      "method" : "POST",
      "scheme" : "http",
      "enabled" : true,
      "port" : 80,
      "query" : "",
      "host" : "fwq.qmlist.net",
      "path" : "\/xzbbserver\/userController\/loginXzbb"
    }
  ],
  "description" : "奇妙日程 来自 LiBao LiangHuaRenSheng https:\/\/apps.apple.com\/cn\/app\/%E5%A5%87%E5%A6%99%E6%97%A5%E7%A8%8B\/id1270647497"
}
