{
  "rules" : [
    {
      "action" : "body",
      "matchField" : "",
      "field" : "",
      "value" : "vipExpireTime\":\"2070-01-01 00:00:00\"",
      "matchValue" : "vipExpireTime\":\"[^\"]+\"",
      "destiontion" : "response",
      "isRegex" : true
    },
    {
      "action" : "body",
      "matchField" : "",
      "field" : "",
      "value" : "isVip\":1",
      "matchValue" : "isVip\":\\d",
      "destiontion" : "response",
      "isRegex" : true
    }
  ],
  "enabled" : false,
  "isReadOnly" : false,
  "name" : "文字识别 合同名片扫描识字 解锁会员 A+",
  "locations" : [
    {
      "method" : "POST",
      "scheme" : "http",
      "enabled" : true,
      "port" : 80,
      "query" : "",
      "host" : "micro-tool-api.foundao.com",
      "path" : "\/orderPayCenterService\/user\/userInfo"
    }
  ],
  "description" : "不用订阅&恢复\n文字识别 - 合同名片扫描识字 来自 Chengdu Tianmaituodao Technology Co.,Ltd. https:\/\/apps.apple.com\/cn\/app\/%E6%96%87%E5%AD%97%E8%AF%86%E5%88%AB-%E5%90%88%E5%90%8C%E5%90%8D%E7%89%87%E6%89%AB%E6%8F%8F%E8%AF%86%E5%AD%97\/id1494424764"
}
