{
  "rules" : [
    {
      "action" : "body",
      "matchField" : "",
      "field" : "",
      "value" : "lflag\": 0",
      "matchValue" : "lflag\":1",
      "destiontion" : "response",
      "isRegex" : true
    },
    {
      "action" : "body",
      "matchField" : "",
      "field" : "",
      "value" : "lflag\":\"0\"",
      "matchValue" : "lflag\":\"1\"",
      "destiontion" : "response",
      "isRegex" : true
    }
  ],
  "enabled" : false,
  "isReadOnly" : false,
  "name" : "小小阅读馆 中英对照儿童双语阅读 解锁限制 A+",
  "locations" : [
    {
      "method" : "",
      "scheme" : "http",
      "enabled" : true,
      "port" : 80,
      "query" : "",
      "host" : "cdnapi.bbwansha.com",
      "path" : "*"
    }
  ],
  "description" : "不行就卸载重装一定要开规则进去\n全部缓存一遍点击列表内容就不用开规则进去了\n小小阅读馆-中英对照儿童双语阅读 来自 Hongxia liu https:\/\/apps.apple.com\/cn\/app\/%E5%B0%8F%E5%B0%8F%E9%98%85%E8%AF%BB%E9%A6%86-%E4%B8%AD%E8%8B%B1%E5%AF%B9%E7%85%A7%E5%84%BF%E7%AB%A5%E5%8F%8C%E8%AF%AD%E9%98%85%E8%AF%BB\/id1245071410"
}
