{
  "rules" : [
    {
      "action" : "body",
      "matchField" : "",
      "field" : "",
      "value" : "chapterIsfree\": 1",
      "matchValue" : "chapterIsfree\":0",
      "destiontion" : "response",
      "isRegex" : true
    },
    {
      "action" : "body",
      "matchField" : "",
      "field" : "",
      "value" : "isFree\": 1",
      "matchValue" : "isFree\":\\d",
      "destiontion" : "response",
      "isRegex" : true
    },
    {
      "action" : "body",
      "matchField" : "",
      "field" : "",
      "value" : "isPurchased\":\"1\"",
      "matchValue" : "isPurchased\":\"0\"",
      "destiontion" : "response",
      "isRegex" : true
    }
  ],
  "enabled" : false,
  "isReadOnly" : false,
  "name" : "师兄 得到更优的教师资源 解锁付费课程 A+",
  "locations" : [
    {
      "method" : "POST",
      "scheme" : "https",
      "enabled" : true,
      "port" : 443,
      "query" : "",
      "host" : "www.shixiongapp.com",
      "path" : "\/ClubberShare"
    }
  ],
  "description" : "师兄-得到更优的教师资源 来自 China Youth Book, Inc. https:\/\/apps.apple.com\/cn\/app\/%E5%B8%88%E5%85%84-%E5%BE%97%E5%88%B0%E6%9B%B4%E4%BC%98%E7%9A%84%E6%95%99%E5%B8%88%E8%B5%84%E6%BA%90\/id1372553500"
}
