{
  "rules" : [
    {
      "action" : "body",
      "matchField" : "",
      "field" : "",
      "value" : "expires_date_ms\":1800000000111",
      "matchValue" : "expires_date_ms\":\\d+",
      "destiontion" : "response",
      "isRegex" : true
    }
  ],
  "enabled" : false,
  "isReadOnly" : false,
  "name" : "录丸 屏幕录制软件 解锁会员 A+",
  "locations" : [
    {
      "method" : "POST",
      "scheme" : "https",
      "enabled" : true,
      "port" : 443,
      "query" : "",
      "host" : "irecgo.softin-tech.com",
      "path" : "\/user\/info"
    }
  ],
  "description" : "录屏 - 屏幕录制软件 来自 Softin Technology Co., Ltd. https:\/\/apps.apple.com\/cn\/app\/%E5%BD%95%E5%B1%8F-%E5%B1%8F%E5%B9%95%E5%BD%95%E5%88%B6%E8%BD%AF%E4%BB%B6\/id1380506650\n\n附Qx规则\n#录丸 解锁会员 A+ \n^https:\\\/\\\/irecgo\\.softin-tech\\.com\\\/user\\\/info url script-response-body lw.js\n\nhostname\nirecgo.softin-tech.com\n\nbody = $response.body.replace(\/expires_date_ms\":\\d+\/g, 'expires_date_ms\":1800000000111');\n$done({body});"
}
