{
  "rules" : [
    {
      "action" : "body",
      "matchField" : "",
      "field" : "",
      "value" : "vip\":[{\"id\":8888881,\"auth_type\":1,\"auth_value\":1800000000}]",
      "matchValue" : "vip\":\\[\\]",
      "destiontion" : "response",
      "isRegex" : true
    }
  ],
  "enabled" : false,
  "isReadOnly" : false,
  "name" : "录屏精灵 高清屏幕录制 解锁限制 A+",
  "locations" : [
    {
      "method" : "POST",
      "scheme" : "https",
      "enabled" : true,
      "port" : 443,
      "query" : "",
      "host" : "app.xunjiepdf.com",
      "path" : "\/api\/v4\/memprofile"
    }
  ],
  "description" : "不用订阅&恢复 无提示会员信息 可用all\n录屏精灵 - 高清屏幕录制 来自 Yanyan Mao https:\/\/apps.apple.com\/cn\/app\/%E5%BD%95%E5%B1%8F%E7%B2%BE%E7%81%B5-%E9%AB%98%E6%B8%85%E5%B1%8F%E5%B9%95%E5%BD%95%E5%88%B6\/id1473244324"
}
