{
  "rules" : [
    {
      "action" : "body",
      "matchField" : "",
      "field" : "",
      "value" : "isVip\":1",
      "matchValue" : "isVip\":\\d",
      "destiontion" : "response",
      "isRegex" : true
    },
    {
      "action" : "body",
      "matchField" : "",
      "field" : "",
      "value" : "vipExpireTime\":\"2030-01-01 00:00:00\"",
      "matchValue" : "vipExpireTime\":\".*?\"",
      "destiontion" : "response",
      "isRegex" : true
    }
  ],
  "enabled" : false,
  "isReadOnly" : false,
  "name" : "录音机 专业手机录音软件解锁会员 A+",
  "locations" : [
    {
      "method" : "",
      "scheme" : "https",
      "enabled" : true,
      "port" : 443,
      "query" : "",
      "host" : "*.leanapp.cn",
      "path" : "\/tools\/*"
    }
  ],
  "description" : "购买取消或恢复\n录音机-专业手机录音软件 来自 Chengdu Haima Technology Co., Ltd https:\/\/apps.apple.com\/cn\/app\/%E5%BD%95%E9%9F%B3%E6%9C%BA-%E4%B8%93%E4%B8%9A%E6%89%8B%E6%9C%BA%E5%BD%95%E9%9F%B3%E8%BD%AF%E4%BB%B6\/id1509645810"
}
