{
  "rules" : [
    {
      "action" : "body",
      "matchField" : "",
      "field" : "",
      "value" : "\"userIdentityType\":1",
      "matchValue" : "\"userIdentityType\":\\d",
      "destiontion" : "response",
      "isRegex" : true
    },
    {
      "action" : "body",
      "matchField" : "",
      "field" : "",
      "value" : "\"userLevel\":1",
      "matchValue" : "\"userLevel\":\\d",
      "destiontion" : "response",
      "isRegex" : true
    },
    {
      "action" : "body",
      "matchField" : "",
      "field" : "",
      "value" : "\"vipFlag\":1",
      "matchValue" : "\"vipFlag\":\\d",
      "destiontion" : "response",
      "isRegex" : true
    },
    {
      "action" : "body",
      "matchField" : "",
      "field" : "",
      "value" : "\"vipDeadline\":1800000000000",
      "matchValue" : "\"vipDeadline\":\\d+",
      "destiontion" : "response",
      "isRegex" : true
    },
    {
      "action" : "body",
      "matchField" : "",
      "field" : "",
      "value" : "\"vipFlag\":1",
      "matchValue" : "\"vipFlag\":\\d",
      "destiontion" : "response",
      "isRegex" : true
    },
    {
      "action" : "body",
      "matchField" : "",
      "field" : "",
      "value" : "\"status\":1",
      "matchValue" : "\"status\":\\d",
      "destiontion" : "response",
      "isRegex" : true
    }
  ],
  "enabled" : false,
  "isReadOnly" : false,
  "name" : "懒人英语 解锁会员限制 A+",
  "locations" : [
    {
      "method" : "POST",
      "scheme" : "https",
      "enabled" : true,
      "port" : 443,
      "query" : "",
      "host" : "flipped.binfenyingyu.com",
      "path" : "\/flipped\/subverter\/info"
    },
    {
      "method" : "POST",
      "scheme" : "https",
      "enabled" : true,
      "port" : 443,
      "query" : "",
      "host" : "flipped.binfenyingyu.com",
      "path" : "\/flipped\/subverter\/info"
    },
    {
      "method" : "POST",
      "scheme" : "https",
      "enabled" : true,
      "port" : 443,
      "query" : "",
      "host" : "flipped.binfenyingyu.com",
      "path" : "\/flipped\/vipCard\/list"
    },
    {
      "method" : "POST",
      "scheme" : "https",
      "enabled" : true,
      "port" : 443,
      "query" : "",
      "host" : "flipped.binfenyingyu.com",
      "path" : "\/flipped\/rcUnit\/list"
    }
  ],
  "description" : "懒人英语-每日学英语口语听力音标 来自 zhujiayi https:\/\/apps.apple.com\/cn\/app\/%E6%87%92%E4%BA%BA%E8%8B%B1%E8%AF%AD-%E6%AF%8F%E6%97%A5%E5%AD%A6%E8%8B%B1%E8%AF%AD%E5%8F%A3%E8%AF%AD%E5%90%AC%E5%8A%9B%E9%9F%B3%E6%A0%87\/id730904222"
}
