{
	"rules": [{
		"action": "body",
		"matchField": "",
		"field": "",
		"value": "userLevel\":8",
		"matchValue": "userLevel\":-\\d",
		"destiontion": "response",
		"isRegex": true
	}, {
		"action": "body",
		"matchField": "",
		"field": "",
		"value": "\"userExp\":9999",
		"matchValue": "\"userExp\":\\d+",
		"destiontion": "response",
		"isRegex": true
	}, {
		"action": "body",
		"matchField": "",
		"field": "",
		"value": "coin\":9999",
		"matchValue": "coin\":\\d+",
		"destiontion": "response",
		"isRegex": true
	}, {
		"action": "body",
		"matchField": "",
		"field": "",
		"value": "given\":true",
		"matchValue": "given\":\\w+",
		"destiontion": "response",
		"isRegex": true
	}, {
		"action": "body",
		"matchField": "",
		"field": "",
		"value": "trialTime\":-1",
		"matchValue": "trialTime\":\\d+",
		"destiontion": "response",
		"isRegex": true
	}, {
		"action": "body",
		"matchField": "",
		"field": "",
		"value": "trials\":false",
		"matchValue": "trials\":\\w+",
		"destiontion": "response",
		"isRegex": true
	}, {
		"action": "body",
		"matchField": "",
		"field": "",
		"value": "\"nickname\":\"A+\"",
		"matchValue": "\"nickname\":\"[^\"]+\"",
		"destiontion": "response",
		"isRegex": true
	}],
	"enabled": true,
	"isReadOnly": false,
	"name": "我追电影 解锁会员蓝光 A+",
	"locations": [{
		"method": "GET",
		"scheme": "https",
		"enabled": true,
		"port": 443,
		"query": "",
		"host": "api-gw.zhuidianying.com",
		"path": "\/user\/detail\/info"
	}, {
		"method": "GET",
		"scheme": "https",
		"enabled": true,
		"port": 443,
		"query": "",
		"host": "api-gw.zhuidianying.com",
		"path": "\/user\/property\/info"
	}, {
		"method": "GET",
		"scheme": "https",
		"enabled": true,
		"port": 443,
		"query": "",
		"host": "api-gw.zhuidianying.com",
		"path": "\/item\/search\/movie\/info"
	}],
	"description": "A+"
}