{
  "rules" : [
    {
      "action" : "body",
      "matchField" : "",
      "field" : "",
      "value" : "vipStatus\":\"1",
      "matchValue" : "vipStatus\":\"\\d",
      "destiontion" : "response",
      "isRegex" : true
    },
    {
      "action" : "body",
      "matchField" : "",
      "field" : "",
      "value" : "expireTime\":1800000000",
      "matchValue" : "expireTime\":\\d+",
      "destiontion" : "response",
      "isRegex" : true
    },
    {
      "action" : "body",
      "matchField" : "",
      "field" : "",
      "value" : "cost\":0",
      "matchValue" : "cost\":\\d+",
      "destiontion" : "response",
      "isRegex" : true
    }
  ],
  "enabled" : false,
  "isReadOnly" : false,
  "name" : "新概念英语全四册 解锁会员 A+ ",
  "locations" : [
    {
      "method" : "",
      "scheme" : "http",
      "enabled" : true,
      "port" : 80,
      "query" : "",
      "host" : "api.iyuba.com.cn",
      "path" : "\/v2\/api.iyuba"
    },
    {
      "method" : "",
      "scheme" : "http",
      "enabled" : true,
      "port" : 80,
      "query" : "",
      "host" : "class.iyuba.cn",
      "path" : "\/getClass.iyuba"
    }
  ],
  "description" : "新概念英语全四册 来自 ShangHai AiLanguage Technology Ltd. https:\/\/apps.apple.com\/cn\/app\/%E6%96%B0%E6%A6%82%E5%BF%B5%E8%8B%B1%E8%AF%AD%E5%85%A8%E5%9B%9B%E5%86%8C\/id1164310129"
}
