{
  "rules" : [
    {
      "action" : "body",
      "matchField" : "",
      "field" : "",
      "value" : "vipendtime\":\"2050-01-01\"",
      "matchValue" : "vipendtime\":\".*?\"",
      "destiontion" : "response",
      "isRegex" : true
    }
  ],
  "enabled" : false,
  "name" : "新语听书 解锁会员 A+",
  "description" : "开规进，否账重登\n新语听书 来自 Beijing Huayue Jiacheng Technology Development Co., Ltd. https:\/\/apps.apple.com\/cn\/app\/%E6%96%B0%E8%AF%AD%E5%90%AC%E4%B9%A6\/id1397442018\n\n提供未测试qx规则\n#新语听书 解锁会员 A+\nhttp:\/\/i\\.xinyulib\\.com\/api\/querytoken.+  url script-response-body xyts.js\n\nbody = $response.body.replace(\/vipendtime\":\".*?\"\/g, 'vipendtime\": \"2050-01-01\"');\n$done({body});",
  "locations" : [
    {
      "method" : "POST",
      "scheme" : "http",
      "enabled" : true,
      "port" : 80,
      "query" : "*",
      "host" : "i.xinyulib.com",
      "path" : "\/api\/querytoken"
    }
  ]
}
