{
  "rules" : [
    {
      "action" : "body",
      "matchField" : "",
      "field" : "",
      "value" : "vipStatus\":\"1",
      "matchValue" : "vipStatus\":\"\\d",
      "destiontion" : "response",
      "isRegex" : true
    },
    {
      "action" : "body",
      "matchField" : "",
      "field" : "",
      "value" : "expireTime\":1800000000",
      "matchValue" : "expireTime\":\\d+",
      "destiontion" : "response",
      "isRegex" : true
    },
    {
      "action" : "body",
      "matchField" : "",
      "field" : "",
      "value" : "cost\":0",
      "matchValue" : "cost\":\\d+",
      "destiontion" : "response",
      "isRegex" : true
    }
  ],
  "enabled" : false,
  "isReadOnly" : false,
  "name" : "日语N3听力 解锁会员 A+ ",
  "locations" : [
    {
      "method" : "",
      "scheme" : "http",
      "enabled" : true,
      "port" : 80,
      "query" : "",
      "host" : "api.iyuba.com.cn",
      "path" : "\/v2\/api.iyuba"
    },
    {
      "method" : "",
      "scheme" : "http",
      "enabled" : true,
      "port" : 80,
      "query" : "",
      "host" : "class.iyuba.cn",
      "path" : "\/getClass.iyuba"
    }
  ],
  "description" : "日语N3听力 来自 ShangHai AiLanguage Technology Ltd. https:\/\/apps.apple.com\/cn\/app\/%E6%97%A5%E8%AF%ADn3%E5%90%AC%E5%8A%9B\/id1468225975"
}
