{
  "rules" : [
    {
      "action" : "body",
      "matchField" : "",
      "field" : "",
      "value" : "data\":{\"isVip\":1,\"inperiod\":1,\"is_continu_vip\":\"1\",\"vip_expire\":\"2030-01-01 00:00:00\",\"vip_start\":\"2020-01-01\",\"start_time\":\"2020-01-01\"}",
      "matchValue" : "data\":\\{.*?\\}",
      "destiontion" : "response",
      "isRegex" : true
    }
  ],
  "enabled" : false,
  "isReadOnly" : false,
  "name" : "柴扉 解锁会员 A+",
  "locations" : [
    {
      "method" : "POST",
      "scheme" : "http",
      "enabled" : true,
      "port" : 80,
      "query" : "",
      "host" : "api.chaifei.huochaihe.cc",
      "path" : "\/fei\/member\/getmember"
    }
  ],
  "description" : "柴扉 来自 miao zhiwei https:\/\/apps.apple.com\/cn\/app\/%E6%9F%B4%E6%89%89\/id1096533669\n\n附Qx规则\n#柴扉\n^http:\\\/\\\/api\\.chaifei\\.huochaihe\\.cc\\\/fei\\\/member\\\/getmember url script-response-body cf.js\n \nhostname\napi.chaifei.huochaihe.cc\n\nbody = $response.body.replace(\/data\":\\{.*?\\}\/g, 'data\":{\"isVip\":1,\"inperiod\":1,\"is_continu_vip\":\"1\",\"vip_expire\":\"2030-01-01 00:00:00\",\"vip_start\":\"2020-01-01\",\"start_time\":\"2020-01-01\"}');\n$done({body});"
}
