{
  "rules" : [
    {
      "action" : "body",
      "matchField" : "Set-Cookie",
      "field" : "",
      "value" : "token\":\"20200601MAomDKKlaUEALAHWGaE\"",
      "matchValue" : "token\":\"\\w+\"",
      "destiontion" : "request",
      "isRegex" : true
    }
  ],
  "enabled" : false,
  "isReadOnly" : false,
  "name" : "樊登读书 解锁会员 token共享 A+",
  "locations" : [
    {
      "method" : "",
      "scheme" : "https",
      "enabled" : true,
      "port" : 443,
      "query" : "",
      "host" : "*.dushu.io",
      "path" : "*"
    }
  ],
  "description" : "樊登读书-听亲子职场精选好书 来自 Shanghai Soybean Network Technology Co., Ltd. https:\/\/apps.apple.com\/cn\/app\/%E6%A8%8A%E7%99%BB%E8%AF%BB%E4%B9%A6-%E5%90%AC%E4%BA%B2%E5%AD%90%E8%81%8C%E5%9C%BA%E7%B2%BE%E9%80%89%E5%A5%BD%E4%B9%A6\/id963152777"
}
