{
  "rules" : [
    {
      "action" : "body",
      "matchField" : "",
      "field" : "",
      "value" : "vip_exp\":1800000000",
      "matchValue" : "vip_exp\":\\d",
      "destiontion" : "response",
      "isRegex" : true
    },
    {
      "action" : "body",
      "matchField" : "",
      "field" : "",
      "value" : "out_time\":\"2030-01-01 00:00:00\"",
      "matchValue" : "out_time\":\".*?\"",
      "destiontion" : "response",
      "isRegex" : true
    },
    {
      "action" : "body",
      "matchField" : "",
      "field" : "",
      "value" : "can_free_vip\":1",
      "matchValue" : "can_free_vip\":\\d",
      "destiontion" : "response",
      "isRegex" : true
    }
  ],
  "enabled" : false,
  "isReadOnly" : false,
  "name" : "水印吧 视频图片去水印加水印 解锁会员 A+",
  "locations" : [
    {
      "method" : "GET",
      "scheme" : "https",
      "enabled" : true,
      "port" : 443,
      "query" : "",
      "host" : "wx.520gyh.com",
      "path" : "\/Markingbar\/User\/vipInfo"
    }
  ],
  "description" : "水印吧 - 去水印、加水印有我就够了 来自 guo zhiyang https:\/\/apps.apple.com\/cn\/app\/%E6%B0%B4%E5%8D%B0%E5%90%A7-%E5%8E%BB%E6%B0%B4%E5%8D%B0-%E5%8A%A0%E6%B0%B4%E5%8D%B0%E6%9C%89%E6%88%91%E5%B0%B1%E5%A4%9F%E4%BA%86\/id1224144396"
}
