{
  "rules" : [
    {
      "action" : "body",
      "matchField" : "",
      "field" : "",
      "value" : "is_free\": 1",
      "matchValue" : "is_free\":0",
      "destiontion" : "response",
      "isRegex" : true
    },
    {
      "action" : "body",
      "matchField" : "",
      "field" : "",
      "value" : "\"chapter_free\":1",
      "matchValue" : "\"chapter_free\":0",
      "destiontion" : "response",
      "isRegex" : true
    }
  ],
  "enabled" : false,
  "isReadOnly" : false,
  "name" : "火把知识 解锁付费课程 A+",
  "locations" : [
    {
      "method" : "POST",
      "scheme" : "https",
      "enabled" : true,
      "port" : 443,
      "query" : "",
      "host" : "frontapi.mhuoba.com",
      "path" : "\/goods\/album\/details"
    },
    {
      "method" : "POST",
      "scheme" : "https",
      "enabled" : true,
      "port" : 443,
      "query" : "",
      "host" : "frontapi.mhuoba.com",
      "path" : "\/goods\/detail"
    },
    {
      "method" : "POST",
      "scheme" : "https",
      "enabled" : true,
      "port" : 443,
      "query" : "",
      "host" : "frontapi.mhuoba.com",
      "path" : "\/goods\/ebook\/catalog"
    }
  ],
  "description" : "火把知识 来自 杭州火把文化创意有限公司 https:\/\/apps.apple.com\/cn\/app\/%E7%81%AB%E6%8A%8A%E7%9F%A5%E8%AF%86\/id1473766311"
}
