{
  "rules" : [
    {
      "action" : "body",
      "matchField" : "",
      "field" : "",
      "value" : "play_daily_remainders\":111",
      "matchValue" : "play_daily_remainders\":\\d+",
      "destiontion" : "response",
      "isRegex" : true
    },
    {
      "action" : "body",
      "matchField" : "",
      "field" : "",
      "value" : "down_daily_remainders\":111",
      "matchValue" : "down_daily_remainders\":\\d+",
      "destiontion" : "response",
      "isRegex" : true
    },
    {
      "action" : "body",
      "matchField" : "",
      "field" : "",
      "value" : "next_upgrade_need\":0",
      "matchValue" : "next_upgrade_need\":\\d+",
      "destiontion" : "response",
      "isRegex" : true
    },
    {
      "action" : "body",
      "matchField" : "",
      "field" : "",
      "value" : "isvip\":1",
      "matchValue" : "isvip\":\\d",
      "destiontion" : "response",
      "isRegex" : true
    },
    {
      "action" : "body",
      "matchField" : "",
      "field" : "",
      "value" : "gicon\":\"V6\"",
      "matchValue" : "gicon\":\\w+",
      "destiontion" : "response",
      "isRegex" : true
    },
    {
      "action" : "body",
      "matchField" : "",
      "field" : "",
      "value" : "\"gid\":6",
      "matchValue" : "\"gid\":\\d",
      "destiontion" : "response",
      "isRegex" : true
    },
    {
      "action" : "body",
      "matchField" : "",
      "field" : "",
      "value" : "app_launch_times_adshow:\"0",
      "matchValue" : "app_launch_times_adshow:\"\\d",
      "destiontion" : "response",
      "isRegex" : true
    },
    {
      "action" : "body",
      "matchField" : "",
      "field" : "",
      "value" : "\"adgroups__\"",
      "matchValue" : "\"adgroups\"",
      "destiontion" : "response",
      "isRegex" : true
    },
    {
      "action" : "body",
      "matchField" : "",
      "field" : "",
      "value" : "\"iOS_adgroups__\"",
      "matchValue" : "\"iOS_adgroups\"",
      "destiontion" : "response",
      "isRegex" : true
    },
    {
      "action" : "body",
      "matchField" : "",
      "field" : "",
      "value" : "retcode\":0",
      "matchValue" : "retcode\":\\d",
      "destiontion" : "response",
      "isRegex" : true
    }
  ],
  "enabled" : false,
  "isReadOnly" : false,
  "name" : "玉米视频 似香蕉 自行测试 A+",
  "locations" : [
    {
      "method" : "GET",
      "scheme" : "https",
      "enabled" : true,
      "port" : 443,
      "query" : "",
      "host" : "*.yumibbk.com",
      "path" : "\/ucp\/index"
    },
    {
      "method" : "GET",
      "scheme" : "https",
      "enabled" : true,
      "port" : 443,
      "query" : "",
      "host" : "*.yumibbk.com",
      "path" : "\/getGlobalData"
    },
    {
      "method" : "GET",
      "scheme" : "https",
      "enabled" : true,
      "port" : 443,
      "query" : "",
      "host" : "*.yumibbk.com",
      "path" : "\/vod\/reqplay\/*"
    }
  ],
  "description" : "游客不行就登号\n下载地址，https:\/\/Q9FXKJ.yumi1.club\/?inviteCode=Q9FXKJ \n"
}
