{
  "rules" : [
    {
      "action" : "body",
      "matchField" : "",
      "field" : "",
      "value" : "{\"status\":0,\"environment\":\"Production\",\"receipt\":{\"receipt_type\":\"Production\",\"adam_id\":1000000000,\"app_item_id\":1000000000,\"bundle_id\":\"com.mediaeditor.video\",\"application_version\":\"437\",\"download_id\":99999999999999,\"version_external_identifier\":999999999,\"receipt_creation_date\":\"2111-11-11 11:11:11 Etc\/GMT\",\"receipt_creation_date_ms\":\"4476655324000\",\"receipt_creation_date_pst\":\"2111-11-11 11:11:11 America\/Los_Angeles\",\"request_date\":\"2011-11-11 11:11:11 Etc\/GMT\",\"request_date_ms\":\"1555555555555\",\"request_date_pst\":\"2011-11-11 11:11:11 America\/Los_Angeles\",\"original_purchase_date\":\"2011-11-11 11:11:11 Etc\/GMT\",\"original_purchase_date_ms\":\"1555555555555\",\"original_purchase_date_pst\":\"2011-11-11 11:11:11 America\/Los_Angeles\",\"original_application_version\":\"433\",\"in_app\":[{\"quantity\":\"1\",\"product_id\":\"yearautorenew\",\"transaction_id\":\"520000631442654\",\"original_transaction_id\":\"520000631442654\",\"purchase_date\":\"2011-11-11 11:11:11 Etc\/GMT\",\"purchase_date_ms\":\"1555555555555\",\"purchase_date_pst\":\"2011-11-11 11:11:11 America\/Los_Angeles\",\"original_purchase_date\":\"2011-11-11 11:11:11 Etc\/GMT\",\"original_purchase_date_ms\":\"1555555555555\",\"original_purchase_date_pst\":\"2011-11-11 11:11:11 America\/Los_Angeles\",\"expires_date\":\"2111-11-11 11:11:11 Etc\/GMT\",\"expires_date_ms\":\"4476655324000\",\"expires_date_pst\":\"2111-11-11 11:11:11 America\/Los_Angeles\",\"web_order_line_item_id\":\"520000240955544\",\"is_trial_period\":\"true\",\"is_in_intro_offer_period\":\"false\"}]},\"latest_receipt_info\":[{\"quantity\":\"1\",\"product_id\":\"yearautorenew\",\"transaction_id\":\"520000631442654\",\"original_transaction_id\":\"520000631442654\",\"purchase_date\":\"2011-11-11 11:11:11 Etc\/GMT\",\"purchase_date_ms\":\"1555555555555\",\"purchase_date_pst\":\"2011-11-11 11:11:11 America\/Los_Angeles\",\"original_purchase_date\":\"2011-11-11 11:11:11 Etc\/GMT\",\"original_purchase_date_ms\":\"1555555555555\",\"original_purchase_date_pst\":\"2011-11-11 11:11:11 America\/Los_Angeles\",\"expires_date\":\"2111-11-11 11:11:11 Etc\/GMT\",\"expires_date_ms\":\"4476655324000\",\"expires_date_pst\":\"2111-11-11 11:11:11 America\/Los_Angeles\",\"web_order_line_item_id\":\"520000000000000\",\"is_trial_period\":\"true\",\"is_in_intro_offer_period\":\"false\",\"subscription_group_identifier\":\"99999999\"}],\"latest_receipt\":\"5L2c6ICFQGtpbmc=\",\"pending_renewal_info\":[{\"auto_renew_product_id\":\"yearautorenew\",\"original_transaction_id\":\"520000000000000\",\"product_id\":\"yearautorenew\",\"auto_renew_status\":\"1\"}]}",
      "matchValue" : ".+",
      "destiontion" : "response",
      "isRegex" : true
    }
  ],
  "enabled" : false,
  "name" : "留白 照片加白边 恢复订阅 A+",
  "description" : "留白 - 给照片添加白边框 来自 Tao Zhang https:\/\/apps.apple.com\/cn\/app\/%E7%95%99%E7%99%BD-%E7%BB%99%E7%85%A7%E7%89%87%E6%B7%BB%E5%8A%A0%E7%99%BD%E8%BE%B9%E6%A1%86\/id1232787087\n\n\n\n\n\/* 推荐 Qx规则提供\n^https:\\\/\\\/buy\\.itunes\\.apple\\.com\\\/verifyReceipt url script-response-body apple.js\n*\/\n\nbody = $response.body.replace(\/.+\/g, '{\"status\":0,\"environment\":\"Production\",\"receipt\":{\"receipt_type\":\"Production\",\"adam_id\":1000000000,\"app_item_id\":1000000000,\"bundle_id\":\"com.mediaeditor.video\",\"application_version\":\"437\",\"download_id\":99999999999999,\"version_external_identifier\":999999999,\"receipt_creation_date\":\"2111-11-11 11:11:11 Etc\/GMT\",\"receipt_creation_date_ms\":\"4476655324000\",\"receipt_creation_date_pst\":\"2111-11-11 11:11:11 America\/Los_Angeles\",\"request_date\":\"2011-11-11 11:11:11 Etc\/GMT\",\"request_date_ms\":\"1555555555555\",\"request_date_pst\":\"2011-11-11 11:11:11 America\/Los_Angeles\",\"original_purchase_date\":\"2011-11-11 11:11:11 Etc\/GMT\",\"original_purchase_date_ms\":\"1555555555555\",\"original_purchase_date_pst\":\"2011-11-11 11:11:11 America\/Los_Angeles\",\"original_application_version\":\"433\",\"in_app\":[{\"quantity\":\"1\",\"product_id\":\"yearautorenew\",\"transaction_id\":\"520000631442654\",\"original_transaction_id\":\"520000631442654\",\"purchase_date\":\"2011-11-11 11:11:11 Etc\/GMT\",\"purchase_date_ms\":\"1555555555555\",\"purchase_date_pst\":\"2011-11-11 11:11:11 America\/Los_Angeles\",\"original_purchase_date\":\"2011-11-11 11:11:11 Etc\/GMT\",\"original_purchase_date_ms\":\"1555555555555\",\"original_purchase_date_pst\":\"2011-11-11 11:11:11 America\/Los_Angeles\",\"expires_date\":\"2111-11-11 11:11:11 Etc\/GMT\",\"expires_date_ms\":\"4476655324000\",\"expires_date_pst\":\"2111-11-11 11:11:11 America\/Los_Angeles\",\"web_order_line_item_id\":\"520000240955544\",\"is_trial_period\":\"true\",\"is_in_intro_offer_period\":\"false\"}]},\"latest_receipt_info\":[{\"quantity\":\"1\",\"product_id\":\"yearautorenew\",\"transaction_id\":\"520000631442654\",\"original_transaction_id\":\"520000631442654\",\"purchase_date\":\"2011-11-11 11:11:11 Etc\/GMT\",\"purchase_date_ms\":\"1555555555555\",\"purchase_date_pst\":\"2011-11-11 11:11:11 America\/Los_Angeles\",\"original_purchase_date\":\"2011-11-11 11:11:11 Etc\/GMT\",\"original_purchase_date_ms\":\"1555555555555\",\"original_purchase_date_pst\":\"2011-11-11 11:11:11 America\/Los_Angeles\",\"expires_date\":\"2111-11-11 11:11:11 Etc\/GMT\",\"expires_date_ms\":\"4476655324000\",\"expires_date_pst\":\"2111-11-11 11:11:11 America\/Los_Angeles\",\"web_order_line_item_id\":\"520000000000000\",\"is_trial_period\":\"true\",\"is_in_intro_offer_period\":\"false\",\"subscription_group_identifier\":\"99999999\"}],\"latest_receipt\":\"5L2c6ICFQGtpbmc=\",\"pending_renewal_info\":[{\"auto_renew_product_id\":\"yearautorenew\",\"original_transaction_id\":\"520000000000000\",\"product_id\":\"yearautorenew\",\"auto_renew_status\":\"1\"}]}');\n$done({body});\n",
  "locations" : [
    {
      "method" : "POST",
      "scheme" : "https",
      "enabled" : true,
      "port" : 443,
      "query" : "",
      "host" : "buy.itunes.apple.com",
      "path" : "\/verifyReceipt"
    }
  ]
}