{
  "rules" : [
    {
      "action" : "body",
      "matchField" : "",
      "field" : "",
      "value" : "is_demo\": \"1\"",
      "matchValue" : "is_demo\":\"0\"",
      "destiontion" : "response",
      "isRegex" : true
    },
    {
      "action" : "body",
      "matchField" : "",
      "field" : "",
      "value" : "code\":200",
      "matchValue" : "code\":100",
      "destiontion" : "response",
      "isRegex" : true
    }
  ],
  "enabled" : false,
  "isReadOnly" : false,
  "name" : "秀财会计课堂 解锁付费限制 A+",
  "locations" : [
    {
      "method" : "POST",
      "scheme" : "http",
      "enabled" : true,
      "port" : 80,
      "query" : "",
      "host" : "api.xiucai.com",
      "path" : "\/app\/course\/detail\/"
    },
    {
      "method" : "POST",
      "scheme" : "http",
      "enabled" : true,
      "port" : 80,
      "query" : "",
      "host" : "api.xiucai.com",
      "path" : "\/app\/walkman\/check\/authority\/"
    }
  ],
  "description" : "秀财会计课堂-初中级会计在线学习题库 来自 Golden Finance Professional Education https:\/\/apps.apple.com\/cn\/app\/%E7%A7%80%E8%B4%A2%E4%BC%9A%E8%AE%A1%E8%AF%BE%E5%A0%82-%E5%88%9D%E4%B8%AD%E7%BA%A7%E4%BC%9A%E8%AE%A1%E5%9C%A8%E7%BA%BF%E5%AD%A6%E4%B9%A0%E9%A2%98%E5%BA%93\/id1051177745"
}
