{
  "rules" : [
    {
      "action" : "body",
      "matchField" : "",
      "field" : "",
      "value" : "{\"code\":\"0\",\"message\":\"请求成功\"}",
      "matchValue" : ".+",
      "destiontion" : "response",
      "isRegex" : true
    }
  ],
  "enabled" : false,
  "isReadOnly" : false,
  "name" : "秘桃-原创网红写真摄影作品 解锁付费 A+",
  "locations" : [
    {
      "method" : "POST",
      "scheme" : "http",
      "enabled" : true,
      "port" : 80,
      "query" : "",
      "host" : "120.78.206.12",
      "path" : "\/user\/payPost"
    }
  ],
  "description" : "秘桃-原创网红摄影作品 来自 Liu XIAOBO https:\/\/apps.apple.com\/cn\/app\/%E7%A7%98%E6%A1%83-%E5%8E%9F%E5%88%9B%E7%BD%91%E7%BA%A2%E6%91%84%E5%BD%B1%E4%BD%9C%E5%93%81\/id1346004937"
}
