{
  "rules" : [
    {
      "action" : "body",
      "matchField" : "",
      "field" : "",
      "value" : "isUpdate\":0",
      "matchValue" : "isUpdate\":1",
      "destiontion" : "response",
      "isRegex" : true
    },
    {
      "action" : "body",
      "matchField" : "",
      "field" : "",
      "value" : "versionCode\":\"1.0\"",
      "matchValue" : "versionCode\":\".*?\"",
      "destiontion" : "response",
      "isRegex" : true
    },
    {
      "action" : "body",
      "matchField" : "",
      "field" : "",
      "value" : "viewNum\":999999999",
      "matchValue" : "viewNum\":\\d+",
      "destiontion" : "response",
      "isRegex" : true
    },
    {
      "action" : "body",
      "matchField" : "",
      "field" : "",
      "value" : "isVip\":1",
      "matchValue" : "isVip\":\\d",
      "destiontion" : "response",
      "isRegex" : true
    },
    {
      "action" : "body",
      "matchField" : "",
      "field" : "",
      "value" : "vipDate\":1800000000",
      "matchValue" : "vipDate\":\\w+",
      "destiontion" : "response",
      "isRegex" : true
    }
  ],
  "enabled" : false,
  "isReadOnly" : false,
  "name" : "窝窝社区 1.8+ 看描述解锁无限次数 A+",
  "locations" : [
    {
      "method" : "POST",
      "scheme" : "http",
      "enabled" : true,
      "port" : 80,
      "query" : "",
      "host" : "api.xmdsyey.com",
      "path" : "\/ying\/getMemberInfo"
    },
    {
      "method" : "POST",
      "scheme" : "http",
      "enabled" : true,
      "port" : 80,
      "query" : "",
      "host" : "api.xmdsyey.com",
      "path" : "\/openapi\/getVersionNew"
    },
    {
      "method" : "POST",
      "scheme" : "http",
      "enabled" : true,
      "port" : 80,
      "query" : "",
      "host" : "api.xmdsyey.com",
      "path" : "\/openapi\/deviceInfo"
    }
  ],
  "description" : "目前免费阶段无需开启规则\n下载地址,https:\/\/wwsq.tv?code=JFEMUO"
}
