{
  "rules" : [
    {
      "action" : "body",
      "matchField" : "",
      "field" : "",
      "value" : "is_vip\":1,\"vip_end_time\":1800000000,\"vip_type\":2",
      "matchValue" : "is_vip\":0,\"vip_end_time\":0,\"vip_type\":0",
      "destiontion" : "response",
      "isRegex" : true
    }
  ],
  "enabled" : false,
  "name" : "签字 合同文件电子签名签字 A+",
  "description" : "签字-合同文件电子签名签字 来自 俊芳 付 https:\/\/apps.apple.com\/cn\/app\/%E7%AD%BE%E5%AD%97-%E5%90%88%E5%90%8C%E6%96%87%E4%BB%B6%E7%94%B5%E5%AD%90%E7%AD%BE%E5%90%8D%E7%AD%BE%E5%AD%97\/id1523804100\n\n提供未测试qx规则\nhoustname＝*\n\n#声波-赫兹音效音量\nhttp:\/\/signature.sc2yun.com\/user\/my.+  url script-response-body sbsb.js\n\nbody = $response.body.replace(\/is_vip\":0,\"vip_end_time\":0,\"vip_type\":0\/g, 'is_vip\":1,\"vip_end_time\":1800000000,\"vip_type\":2');\n$done({body});",
  "locations" : [
    {
      "method" : "GET",
      "scheme" : "http",
      "enabled" : true,
      "port" : 80,
      "query" : "*",
      "host" : "signature.sc2yun.com",
      "path" : "\/user\/my"
    }
  ]
}
