{
  "rules" : [
    {
      "action" : "body",
      "matchField" : "",
      "field" : "",
      "value" : "vip_type\":1",
      "matchValue" : "vip_type\":\\d",
      "destiontion" : "response",
      "isRegex" : true
    },
    {
      "action" : "body",
      "matchField" : "",
      "field" : "",
      "value" : "is_vip\":1",
      "matchValue" : "is_vip\":\\d",
      "destiontion" : "response",
      "isRegex" : true
    },
    {
      "action" : "body",
      "matchField" : "",
      "field" : "",
      "value" : "vip_expire_time\":1800000000",
      "matchValue" : "vip_expire_time\":\\d",
      "destiontion" : "response",
      "isRegex" : true
    },
    {
      "action" : "body",
      "matchField" : "",
      "field" : "",
      "value" : "success\":1",
      "matchValue" : "success\":\\d",
      "destiontion" : "response",
      "isRegex" : true
    },
    {
      "action" : "body",
      "matchField" : "",
      "field" : "",
      "value" : "error_msg\":\"\"",
      "matchValue" : "error_msg\":\".*?\"",
      "destiontion" : "response",
      "isRegex" : true
    }
  ],
  "enabled" : false,
  "isReadOnly" : false,
  "name" : "简影 创意视频编辑制作神 解锁会员 A+",
  "locations" : [
    {
      "method" : "POST",
      "scheme" : "http",
      "enabled" : true,
      "port" : 80,
      "query" : "",
      "host" : "api.jianmovie.com",
      "path" : "\/cardinfo"
    },
    {
      "method" : "POST",
      "scheme" : "http",
      "enabled" : true,
      "port" : 80,
      "query" : "",
      "host" : "api.jianmovie.com",
      "path" : "\/expense"
    }
  ],
  "description" : "简影-创意视频编辑制作神器 来自 北京简影优视科技有限公司 https:\/\/apps.apple.com\/cn\/app\/%E7%AE%80%E5%BD%B1-%E5%88%9B%E6%84%8F%E8%A7%86%E9%A2%91%E7%BC%96%E8%BE%91%E5%88%B6%E4%BD%9C%E7%A5%9E%E5%99%A8\/id1326705989"
}
