{
  "rules" : [
    {
      "action" : "body",
      "matchField" : "",
      "field" : "",
      "value" : "{\"msg\":\"操作成功\",\"code\":0,\"data\":[]}",
      "matchValue" : ".+",
      "destiontion" : "response",
      "isRegex" : true
    }
  ],
  "enabled" : false,
  "isReadOnly" : false,
  "name" : "美剧tv 去播放页广告 A+",
  "locations" : [
    {
      "method" : "GET",
      "scheme" : "http",
      "enabled" : true,
      "port" : 80,
      "query" : "",
      "host" : "*.maimengmao.com",
      "path" : "\/system\/api\/video\/ads\/*"
    }
  ],
  "description" : "美剧tv-美剧视频影视大全 来自 Shandong Shichuang Network Co., Ltd. https:\/\/apps.apple.com\/cn\/app\/%E7%BE%8E%E5%89%A7tv-%E7%BE%8E%E5%89%A7%E8%A7%86%E9%A2%91%E5%BD%B1%E8%A7%86%E5%A4%A7%E5%85%A8\/id1463378267"
}
