{
  "rules" : [
    {
      "action" : "body",
      "matchField" : "",
      "field" : "",
      "value" : "is_vip\": \"1\"",
      "matchValue" : "is_vip\":\"0\"",
      "destiontion" : "response",
      "isRegex" : true
    },
    {
      "action" : "body",
      "matchField" : "",
      "field" : "",
      "value" : "expire_date\": \"2030-11-11\"",
      "matchValue" : "expire_date\":\"\"",
      "destiontion" : "response",
      "isRegex" : true
    }
  ],
  "enabled" : false,
  "isReadOnly" : false,
  "name" : "虫虫钢琴 专业钢琴谱分享平台 解锁会员 A+",
  "locations" : [
    {
      "method" : "POST",
      "scheme" : "http",
      "enabled" : true,
      "port" : 80,
      "query" : "urlparam=common\/user\/GetVip",
      "host" : "cc.lzjoy.com",
      "path" : "\/"
    }
  ],
  "description" : "虫虫钢琴-专业钢琴谱分享平台 来自 Shanghai Lingzhuo Information Technology Co., Ltd. https:\/\/apps.apple.com\/cn\/app\/%E8%99%AB%E8%99%AB%E9%92%A2%E7%90%B4-%E4%B8%93%E4%B8%9A%E9%92%A2%E7%90%B4%E8%B0%B1%E5%88%86%E4%BA%AB%E5%B9%B3%E5%8F%B0\/id1185380895\n\n网球出现长连接解析不了情况请用Qx或者关了再试\n附上未测试的Qx规则\n\n^http:\\\/\\\/cc\\.lzjoy\\.com\\\/\\?urlparam=common\\\/user\\\/GetVip url script-response-body qqgq.js\n\nbody = $response.body.replace(\/is_vip\":\"0\"\/g, 'is_vip\": \"1\"');\n$done({body});"
}
