{
  "rules" : [
    {
      "action" : "body",
      "matchField" : "",
      "field" : "",
      "value" : "\"vipDay\":111",
      "matchValue" : "\"vipDay\":0",
      "destiontion" : "response",
      "isRegex" : true
    },
    {
      "action" : "body",
      "matchField" : "",
      "field" : "",
      "value" : "\"success\":true",
      "matchValue" : "\"success\":false",
      "destiontion" : "response",
      "isRegex" : true
    }
  ],
  "enabled" : false,
  "name" : "训记 Fit计划与高效健身笔记 A+",
  "description" : "训记 - Fit计划与高效健身笔记 来自 Zheng Fang https:\/\/apps.apple.com\/cn\/app\/%E8%AE%AD%E8%AE%B0-fit%E8%AE%A1%E5%88%92%E4%B8%8E%E9%AB%98%E6%95%88%E5%81%A5%E8%BA%AB%E7%AC%94%E8%AE%B0\/id1464915553\n\n提供未测试qx规则\nhostname＝*\n\n#训记 Fit计划与高效健身笔记 A+\nhttps:\/\/xunji\\.implements\\.io\/(admincheck|whole_user_info) url script-response-body xj.js\n\nbody = $response.body.replace(\/\"vipDay\":0\/g, '\"vipDay\":111').replace(\/\"success\":false\/g, '\"success\":true');\n$done({body});",
  "locations" : [
    {
      "method" : "GET",
      "scheme" : "https",
      "enabled" : true,
      "port" : 443,
      "query" : "",
      "host" : "xunji.implements.io",
      "path" : "\/whole_user_info"
    },
    {
      "method" : "GET",
      "scheme" : "https",
      "enabled" : true,
      "port" : 443,
      "query" : "",
      "host" : "xunji.implements.io",
      "path" : "\/admincheck"
    }
  ]
}
