{
  "rules" : [
    {
      "action" : "body",
      "matchField" : "",
      "field" : "",
      "value" : "vipStatus\":\"1",
      "matchValue" : "vipStatus\":\"\\d",
      "destiontion" : "response",
      "isRegex" : true
    },
    {
      "action" : "body",
      "matchField" : "",
      "field" : "",
      "value" : "expireTime\":1800000000",
      "matchValue" : "expireTime\":\\d+",
      "destiontion" : "response",
      "isRegex" : true
    },
    {
      "action" : "body",
      "matchField" : "",
      "field" : "",
      "value" : "cost\":0",
      "matchValue" : "cost\":\\d+",
      "destiontion" : "response",
      "isRegex" : true
    }
  ],
  "enabled" : false,
  "isReadOnly" : false,
  "name" : "走遍美国-AI学英语听力 解锁会员 A+",
  "locations" : [
    {
      "method" : "",
      "scheme" : "http",
      "enabled" : true,
      "port" : 80,
      "query" : "",
      "host" : "api.iyuba.com.cn",
      "path" : "\/v2\/api.iyuba"
    },
    {
      "method" : "",
      "scheme" : "http",
      "enabled" : true,
      "port" : 80,
      "query" : "",
      "host" : "class.iyuba.cn",
      "path" : "\/getClass.iyuba"
    }
  ],
  "description" : "走遍美国-AI学英语听力 来自 ShangHai AiLanguage Technology Ltd. https:\/\/apps.apple.com\/cn\/app\/%E8%B5%B0%E9%81%8D%E7%BE%8E%E5%9B%BD-ai%E5%AD%A6%E8%8B%B1%E8%AF%AD%E5%90%AC%E5%8A%9B\/id1495573346"
}
