{
  "rules" : [
    {
      "action" : "body",
      "matchField" : "",
      "field" : "",
      "value" : "is_vip\":1",
      "matchValue" : "is_vip\":\\d",
      "destiontion" : "response",
      "isRegex" : true
    },
    {
      "action" : "body",
      "matchField" : "",
      "field" : "",
      "value" : "vip_end_time\":1645467742",
      "matchValue" : "vip_end_time\":\\d+",
      "destiontion" : "response",
      "isRegex" : true
    },
    {
      "action" : "body",
      "matchField" : "",
      "field" : "",
      "value" : "vip_grade\":2",
      "matchValue" : "vip_grade\":\\d",
      "destiontion" : "response",
      "isRegex" : true
    },
    {
      "action" : "body",
      "matchField" : "",
      "field" : "",
      "value" : "vip_type\":2",
      "matchValue" : "vip_type\":\\d",
      "destiontion" : "response",
      "isRegex" : true
    }
  ],
  "enabled" : false,
  "name" : "趣卡点 音乐卡点视频制作 解锁会员 A+",
  "description" : "趣卡点-自动音乐卡点特效视频制作 来自 婧 王 https:\/\/apps.apple.com\/cn\/app\/%E8%B6%A3%E5%8D%A1%E7%82%B9-%E8%87%AA%E5%8A%A8%E9%9F%B3%E4%B9%90%E5%8D%A1%E7%82%B9%E7%89%B9%E6%95%88%E8%A7%86%E9%A2%91%E5%88%B6%E4%BD%9C\/id1467514108",
  "locations" : [
    {
      "method" : "POST",
      "scheme" : "http",
      "enabled" : true,
      "port" : 80,
      "query" : "",
      "host" : "kadian.nineton.cn",
      "path" : "\/api\/v1.user\/info"
    }
  ]
}