{
  "rules" : [
    {
      "action" : "body",
      "matchField" : "",
      "field" : "",
      "value" : "isfree\": 1",
      "matchValue" : "isfree\":\\d",
      "destiontion" : "response",
      "isRegex" : true
    },
    {
      "action" : "body",
      "matchField" : "",
      "field" : "",
      "value" : "vip_status\": 1",
      "matchValue" : "vip_status\":\\d",
      "destiontion" : "response",
      "isRegex" : true
    },
    {
      "action" : "body",
      "matchField" : "",
      "field" : "",
      "value" : "vip_expire_time\": \"2030-11-11\"",
      "matchValue" : "vip_expire_time\":\"\"",
      "destiontion" : "response",
      "isRegex" : true
    },
    {
      "action" : "body",
      "matchField" : "",
      "field" : "",
      "value" : "show_ad\": false",
      "matchValue" : "show_ad\":\\w+",
      "destiontion" : "response",
      "isRegex" : true
    },
    {
      "action" : "body",
      "matchField" : "",
      "field" : "",
      "value" : "grade\": \"1\"",
      "matchValue" : "grade\":\"\\d\"",
      "destiontion" : "response",
      "isRegex" : true
    }
  ],
  "enabled" : false,
  "isReadOnly" : false,
  "name" : "追追漫画 看漫画阅读平台 解锁会员 A+",
  "locations" : [
    {
      "method" : "POST",
      "scheme" : "http",
      "enabled" : true,
      "port" : 80,
      "query" : "",
      "host" : "api.ilikemanga.com",
      "path" : "\/request.php"
    }
  ],
  "description" : "追追漫画-看漫画二次元创作阅读平台 来自 xiaoxiao InfoTech Co. https:\/\/apps.apple.com\/cn\/app\/%E8%BF%BD%E8%BF%BD%E6%BC%AB%E7%94%BB-%E7%9C%8B%E6%BC%AB%E7%94%BB%E4%BA%8C%E6%AC%A1%E5%85%83%E5%88%9B%E4%BD%9C%E9%98%85%E8%AF%BB%E5%B9%B3%E5%8F%B0\/id835500522"
}
