{
  "rules" : [
    {
      "action" : "body",
      "matchField" : "",
      "field" : "",
      "value" : "vipStatus\":\"1",
      "matchValue" : "vipStatus\":\"\\d",
      "destiontion" : "response",
      "isRegex" : true
    },
    {
      "action" : "body",
      "matchField" : "",
      "field" : "",
      "value" : "expireTime\":1800000000",
      "matchValue" : "expireTime\":\\d+",
      "destiontion" : "response",
      "isRegex" : true
    },
    {
      "action" : "body",
      "matchField" : "",
      "field" : "",
      "value" : "cost\":0",
      "matchValue" : "cost\":\\d+",
      "destiontion" : "response",
      "isRegex" : true
    }
  ],
  "enabled" : false,
  "isReadOnly" : false,
  "name" : "雅思听力 专业听力真题 解锁会员 A+",
  "locations" : [
    {
      "method" : "",
      "scheme" : "http",
      "enabled" : true,
      "port" : 80,
      "query" : "",
      "host" : "api.iyuba.com.cn",
      "path" : "\/v2\/api.iyuba"
    },
    {
      "method" : "",
      "scheme" : "http",
      "enabled" : true,
      "port" : 80,
      "query" : "",
      "host" : "class.iyuba.cn",
      "path" : "\/getClass.iyuba"
    }
  ],
  "description" : "雅思听力-专业听力真题 来自 ShangHai AiLanguage Technology Ltd. https:\/\/apps.apple.com\/cn\/app\/%E9%9B%85%E6%80%9D%E5%90%AC%E5%8A%9B-%E4%B8%93%E4%B8%9A%E5%90%AC%E5%8A%9B%E7%9C%9F%E9%A2%98\/id1478255774"
}
