{
  "rules" : [
    {
      "action" : "body",
      "matchField" : "",
      "field" : "",
      "value" : "vipstatus\":1",
      "matchValue" : "vipstatus\":\\d+",
      "destiontion" : "response",
      "isRegex" : true
    },
    {
      "action" : "body",
      "matchField" : "",
      "field" : "",
      "value" : "isexpert\":true",
      "matchValue" : "isexpert\":false",
      "destiontion" : "response",
      "isRegex" : true
    },
    {
      "action" : "body",
      "matchField" : "",
      "field" : "",
      "value" : "endtime\":\"2030-11-11",
      "matchValue" : "endtime\":\"\\d+-\\d+-\\d+",
      "destiontion" : "response",
      "isRegex" : true
    },
    {
      "action" : "body",
      "matchField" : "",
      "field" : "",
      "value" : "vipResidualDay\":999",
      "matchValue" : "vipResidualDay\":\\d",
      "destiontion" : "response",
      "isRegex" : true
    }
  ],
  "enabled" : false,
  "isReadOnly" : false,
  "name" : "驾校一点通 解锁会员 A+",
  "locations" : [
    {
      "method" : "GET",
      "scheme" : "https",
      "enabled" : true,
      "port" : 443,
      "query" : "",
      "host" : "vipapi.jxedt.com",
      "path" : "\/vip\/check"
    }
  ],
  "description" : "驾校一点通-2020驾考学车考驾照的宝典 来自 天津五八驾考信息技术有限公司 https:\/\/apps.apple.com\/cn\/app\/%E9%A9%BE%E6%A0%A1%E4%B8%80%E7%82%B9%E9%80%9A-2020%E9%A9%BE%E8%80%83%E5%AD%A6%E8%BD%A6%E8%80%83%E9%A9%BE%E7%85%A7%E7%9A%84%E5%AE%9D%E5%85%B8\/id620262310"
}
