{
  "rules" : [
    {
      "action" : "body",
      "matchField" : "",
      "field" : "",
      "value" : "vip\": {\"isvip\": 1,\"days\": 999}",
      "matchValue" : "vip\": {}",
      "destiontion" : "response",
      "isRegex" : true
    }
  ],
  "enabled" : true,
  "isReadOnly" : false,
  "name" : "鲨鱼记账 解锁会员 A+",
  "locations" : [
    {
      "method" : "GET",
      "scheme" : "https",
      "enabled" : true,
      "port" : 443,
      "query" : "",
      "host" : "api.shayujizhang.com",
      "path" : "\/account\/detail\/info\/"
    }
  ],
  "description" : "鲨鱼记账-3秒钟快速记账手机助手 来自 Beijing Shark Pioneer Network Technology Co.,Ltd https:\/\/apps.apple.com\/cn\/app\/%E9%B2%A8%E9%B1%BC%E8%AE%B0%E8%B4%A6-3%E7%A7%92%E9%92%9F%E5%BF%AB%E9%80%9F%E8%AE%B0%E8%B4%A6%E6%89%8B%E6%9C%BA%E5%8A%A9%E6%89%8B\/id1079718756"
}
